dato,t,salg,kampanje,rabatt,kampanje_id,ukedag,x_kampanje,x_rabatt,x_foer_1,x_foer_2,x_etter_1,x_etter_2,x_etter_3
2022-01-03,1,145,0,0.0,0,0,0,0.0,0,0,0,0,0
2022-01-04,2,142,0,0.0,0,1,0,0.0,0,0,0,0,0
2022-01-05,3,158,0,0.0,0,2,0,0.0,0,0,0,0,0
2022-01-06,4,169,0,0.0,0,3,0,0.0,0,0,0,0,0
2022-01-07,5,168,0,0.0,0,4,0,0.0,0,0,0,0,0
2022-01-08,6,181,0,0.0,0,5,0,0.0,0,0,0,0,0
2022-01-09,7,132,0,0.0,0,6,0,0.0,0,0,0,0,0
2022-01-10,8,142,0,0.0,0,0,0,0.0,0,0,0,0,0
2022-01-11,9,150,0,0.0,0,1,0,0.0,0,0,0,0,0
2022-01-12,10,149,0,0.0,0,2,0,0.0,0,0,0,0,0
2022-01-13,11,166,0,0.0,0,3,0,0.0,0,0,0,0,0
2022-01-14,12,189,0,0.0,0,4,0,0.0,0,0,0,0,0
2022-01-15,13,200,0,0.0,0,5,0,0.0,0,0,0,0,0
2022-01-16,14,147,0,0.0,0,6,0,0.0,0,0,0,0,0
2022-01-17,15,154,0,0.0,0,0,0,0.0,0,0,0,0,0
2022-01-18,16,148,0,0.0,0,1,0,0.0,0,0,0,0,0
2022-01-19,17,158,0,0.0,0,2,0,0.0,0,0,0,0,0
2022-01-20,18,155,0,0.0,0,3,0,0.0,0,0,0,0,0
2022-01-21,19,187,0,0.0,0,4,0,0.0,0,0,0,0,0
2022-01-22,20,199,0,0.0,0,5,0,0.0,0,0,0,0,0
2022-01-23,21,136,0,0.0,0,6,0,0.0,0,0,0,0,0
2022-01-24,22,142,0,0.0,0,0,0,0.0,0,0,0,0,0
2022-01-25,23,161,0,0.0,0,1,0,0.0,0,0,0,0,0
2022-01-26,24,159,0,0.0,0,2,0,0.0,0,0,0,0,0
2022-01-27,25,160,0,0.0,0,3,0,0.0,0,0,0,0,0
2022-01-28,26,179,0,0.0,0,4,0,0.0,0,0,0,0,0
2022-01-29,27,201,0,0.0,0,5,0,0.0,0,0,0,0,0
2022-01-30,28,142,0,0.0,0,6,0,0.0,0,0,0,0,0
2022-01-31,29,153,0,0.0,0,0,0,0.0,0,0,0,0,0
2022-02-01,30,159,0,0.0,0,1,0,0.0,0,0,0,0,0
2022-02-02,31,178,0,0.0,0,2,0,0.0,0,0,0,0,0
2022-02-03,32,167,0,0.0,0,3,0,0.0,0,0,0,0,0
2022-02-04,33,163,0,0.0,0,4,0,0.0,0,1,0,0,0
2022-02-05,34,172,0,0.0,0,5,0,0.0,1,0,0,0,0
2022-02-06,35,281,1,20.0,1,6,1,20.0,0,0,0,0,0
2022-02-07,36,299,1,20.0,1,0,1,20.0,0,0,0,0,0
2022-02-08,37,297,1,20.0,1,1,1,20.0,0,0,0,0,0
2022-02-09,38,294,1,20.0,1,2,1,20.0,0,0,0,0,0
2022-02-10,39,144,0,0.0,0,3,0,0.0,0,0,1,0,0
2022-02-11,40,172,0,0.0,0,4,0,0.0,0,0,0,1,0
2022-02-12,41,190,0,0.0,0,5,0,0.0,0,0,0,0,1
2022-02-13,42,147,0,0.0,0,6,0,0.0,0,0,0,0,0
2022-02-14,43,147,0,0.0,0,0,0,0.0,0,0,0,0,0
2022-02-15,44,156,0,0.0,0,1,0,0.0,0,0,0,0,0
2022-02-16,45,162,0,0.0,0,2,0,0.0,0,0,0,0,0
2022-02-17,46,168,0,0.0,0,3,0,0.0,0,0,0,0,0
2022-02-18,47,193,0,0.0,0,4,0,0.0,0,0,0,0,0
2022-02-19,48,205,0,0.0,0,5,0,0.0,0,0,0,0,0
2022-02-20,49,148,0,0.0,0,6,0,0.0,0,0,0,0,0
2022-02-21,50,154,0,0.0,0,0,0,0.0,0,0,0,0,0
2022-02-22,51,159,0,0.0,0,1,0,0.0,0,0,0,0,0
2022-02-23,52,167,0,0.0,0,2,0,0.0,0,0,0,0,0
2022-02-24,53,157,0,0.0,0,3,0,0.0,0,0,0,0,0
2022-02-25,54,181,0,0.0,0,4,0,0.0,0,0,0,0,0
2022-02-26,55,196,0,0.0,0,5,0,0.0,0,0,0,0,0
2022-02-27,56,135,0,0.0,0,6,0,0.0,0,0,0,0,0
2022-02-28,57,147,0,0.0,0,0,0,0.0,0,0,0,0,0
2022-03-01,58,167,0,0.0,0,1,0,0.0,0,0,0,0,0
2022-03-02,59,159,0,0.0,0,2,0,0.0,0,0,0,0,0
2022-03-03,60,174,0,0.0,0,3,0,0.0,0,0,0,0,0
2022-03-04,61,176,0,0.0,0,4,0,0.0,0,0,0,0,0
2022-03-05,62,196,0,0.0,0,5,0,0.0,0,0,0,0,0
2022-03-06,63,142,0,0.0,0,6,0,0.0,0,0,0,0,0
2022-03-07,64,157,0,0.0,0,0,0,0.0,0,0,0,0,0
2022-03-08,65,165,0,0.0,0,1,0,0.0,0,0,0,0,0
2022-03-09,66,172,0,0.0,0,2,0,0.0,0,0,0,0,0
2022-03-10,67,168,0,0.0,0,3,0,0.0,0,0,0,0,0
2022-03-11,68,185,0,0.0,0,4,0,0.0,0,0,0,0,0
2022-03-12,69,209,0,0.0,0,5,0,0.0,0,0,0,0,0
2022-03-13,70,144,0,0.0,0,6,0,0.0,0,0,0,0,0
2022-03-14,71,143,0,0.0,0,0,0,0.0,0,0,0,0,0
2022-03-15,72,146,0,0.0,0,1,0,0.0,0,0,0,0,0
2022-03-16,73,152,0,0.0,0,2,0,0.0,0,0,0,0,0
2022-03-17,74,169,0,0.0,0,3,0,0.0,0,0,0,0,0
2022-03-18,75,190,0,0.0,0,4,0,0.0,0,0,0,0,0
2022-03-19,76,210,0,0.0,0,5,0,0.0,0,0,0,0,0
2022-03-20,77,143,0,0.0,0,6,0,0.0,0,0,0,0,0
2022-03-21,78,140,0,0.0,0,0,0,0.0,0,1,0,0,0
2022-03-22,79,148,0,0.0,0,1,0,0.0,1,0,0,0,0
2022-03-23,80,284,1,15.0,2,2,1,15.0,0,0,0,0,0
2022-03-24,81,293,1,15.0,2,3,1,15.0,0,0,0,0,0
2022-03-25,82,306,1,15.0,2,4,1,15.0,0,0,0,0,0
2022-03-26,83,185,0,0.0,0,5,0,0.0,0,0,1,0,0
2022-03-27,84,129,0,0.0,0,6,0,0.0,0,0,0,1,0
2022-03-28,85,133,0,0.0,0,0,0,0.0,0,0,0,0,1
2022-03-29,86,160,0,0.0,0,1,0,0.0,0,0,0,0,0
2022-03-30,87,162,0,0.0,0,2,0,0.0,0,0,0,0,0
2022-03-31,88,169,0,0.0,0,3,0,0.0,0,0,0,0,0
2022-04-01,89,194,0,0.0,0,4,0,0.0,0,0,0,0,0
2022-04-02,90,211,0,0.0,0,5,0,0.0,0,0,0,0,0
2022-04-03,91,153,0,0.0,0,6,0,0.0,0,0,0,0,0
2022-04-04,92,158,0,0.0,0,0,0,0.0,0,0,0,0,0
2022-04-05,93,158,0,0.0,0,1,0,0.0,0,0,0,0,0
2022-04-06,94,165,0,0.0,0,2,0,0.0,0,0,0,0,0
2022-04-07,95,157,0,0.0,0,3,0,0.0,0,0,0,0,0
2022-04-08,96,175,0,0.0,0,4,0,0.0,0,0,0,0,0
2022-04-09,97,190,0,0.0,0,5,0,0.0,0,0,0,0,0
2022-04-10,98,133,0,0.0,0,6,0,0.0,0,0,0,0,0
2022-04-11,99,155,0,0.0,0,0,0,0.0,0,0,0,0,0
2022-04-12,100,154,0,0.0,0,1,0,0.0,0,0,0,0,0
2022-04-13,101,161,0,0.0,0,2,0,0.0,0,0,0,0,0
2022-04-14,102,181,0,0.0,0,3,0,0.0,0,0,0,0,0
2022-04-15,103,192,0,0.0,0,4,0,0.0,0,0,0,0,0
2022-04-16,104,213,0,0.0,0,5,0,0.0,0,0,0,0,0
2022-04-17,105,142,0,0.0,0,6,0,0.0,0,0,0,0,0
2022-04-18,106,154,0,0.0,0,0,0,0.0,0,0,0,0,0
2022-04-19,107,154,0,0.0,0,1,0,0.0,0,0,0,0,0
2022-04-20,108,162,0,0.0,0,2,0,0.0,0,0,0,0,0
2022-04-21,109,178,0,0.0,0,3,0,0.0,0,0,0,0,0
2022-04-22,110,181,0,0.0,0,4,0,0.0,0,0,0,0,0
2022-04-23,111,208,0,0.0,0,5,0,0.0,0,0,0,0,0
2022-04-24,112,150,0,0.0,0,6,0,0.0,0,0,0,0,0
2022-04-25,113,154,0,0.0,0,0,0,0.0,0,0,0,0,0
2022-04-26,114,151,0,0.0,0,1,0,0.0,0,0,0,0,0
2022-04-27,115,165,0,0.0,0,2,0,0.0,0,0,0,0,0
2022-04-28,116,168,0,0.0,0,3,0,0.0,0,0,0,0,0
2022-04-29,117,194,0,0.0,0,4,0,0.0,0,0,0,0,0
2022-04-30,118,188,0,0.0,0,5,0,0.0,0,1,0,0,0
2022-05-01,119,146,0,0.0,0,6,0,0.0,1,0,0,0,0
2022-05-02,120,322,1,25.0,3,0,1,25.0,0,0,0,0,0
2022-05-03,121,317,1,25.0,3,1,1,25.0,0,0,0,0,0
2022-05-04,122,329,1,25.0,3,2,1,25.0,0,0,0,0,0
2022-05-05,123,336,1,25.0,3,3,1,25.0,0,0,0,0,0
2022-05-06,124,366,1,25.0,3,4,1,25.0,0,0,0,0,0
2022-05-07,125,203,0,0.0,0,5,0,0.0,0,0,1,0,0
2022-05-08,126,144,0,0.0,0,6,0,0.0,0,0,0,1,0
2022-05-09,127,160,0,0.0,0,0,0,0.0,0,0,0,0,1
2022-05-10,128,161,0,0.0,0,1,0,0.0,0,0,0,0,0
2022-05-11,129,164,0,0.0,0,2,0,0.0,0,0,0,0,0
2022-05-12,130,166,0,0.0,0,3,0,0.0,0,0,0,0,0
2022-05-13,131,189,0,0.0,0,4,0,0.0,0,0,0,0,0
2022-05-14,132,198,0,0.0,0,5,0,0.0,0,0,0,0,0
2022-05-15,133,151,0,0.0,0,6,0,0.0,0,0,0,0,0
2022-05-16,134,159,0,0.0,0,0,0,0.0,0,0,0,0,0
2022-05-17,135,154,0,0.0,0,1,0,0.0,0,0,0,0,0
2022-05-18,136,159,0,0.0,0,2,0,0.0,0,0,0,0,0
2022-05-19,137,175,0,0.0,0,3,0,0.0,0,0,0,0,0
2022-05-20,138,203,0,0.0,0,4,0,0.0,0,0,0,0,0
2022-05-21,139,230,0,0.0,0,5,0,0.0,0,0,0,0,0
2022-05-22,140,181,0,0.0,0,6,0,0.0,0,0,0,0,0
2022-05-23,141,176,0,0.0,0,0,0,0.0,0,0,0,0,0
2022-05-24,142,164,0,0.0,0,1,0,0.0,0,0,0,0,0
2022-05-25,143,154,0,0.0,0,2,0,0.0,0,0,0,0,0
2022-05-26,144,173,0,0.0,0,3,0,0.0,0,0,0,0,0
2022-05-27,145,189,0,0.0,0,4,0,0.0,0,0,0,0,0
2022-05-28,146,206,0,0.0,0,5,0,0.0,0,0,0,0,0
2022-05-29,147,146,0,0.0,0,6,0,0.0,0,0,0,0,0
2022-05-30,148,159,0,0.0,0,0,0,0.0,0,0,0,0,0
2022-05-31,149,175,0,0.0,0,1,0,0.0,0,0,0,0,0
2022-06-01,150,177,0,0.0,0,2,0,0.0,0,0,0,0,0
2022-06-02,151,178,0,0.0,0,3,0,0.0,0,0,0,0,0
2022-06-03,152,190,0,0.0,0,4,0,0.0,0,0,0,0,0
2022-06-04,153,197,0,0.0,0,5,0,0.0,0,0,0,0,0
2022-06-05,154,144,0,0.0,0,6,0,0.0,0,0,0,0,0
2022-06-06,155,160,0,0.0,0,0,0,0.0,0,0,0,0,0
2022-06-07,156,182,0,0.0,0,1,0,0.0,0,0,0,0,0
2022-06-08,157,179,0,0.0,0,2,0,0.0,0,0,0,0,0
2022-06-09,158,189,0,0.0,0,3,0,0.0,0,0,0,0,0
2022-06-10,159,199,0,0.0,0,4,0,0.0,0,0,0,0,0
2022-06-11,160,205,0,0.0,0,5,0,0.0,0,0,0,0,0
2022-06-12,161,143,0,0.0,0,6,0,0.0,0,0,0,0,0
2022-06-13,162,155,0,0.0,0,0,0,0.0,0,0,0,0,0
2022-06-14,163,165,0,0.0,0,1,0,0.0,0,1,0,0,0
2022-06-15,164,156,0,0.0,0,2,0,0.0,1,0,0,0,0
2022-06-16,165,286,1,10.0,4,3,1,10.0,0,0,0,0,0
2022-06-17,166,295,1,10.0,4,4,1,10.0,0,0,0,0,0
2022-06-18,167,321,1,10.0,4,5,1,10.0,0,0,0,0,0
2022-06-19,168,147,0,0.0,0,6,0,0.0,0,0,1,0,0
2022-06-20,169,153,0,0.0,0,0,0,0.0,0,0,0,1,0
2022-06-21,170,157,0,0.0,0,1,0,0.0,0,0,0,0,1
2022-06-22,171,170,0,0.0,0,2,0,0.0,0,0,0,0,0
2022-06-23,172,182,0,0.0,0,3,0,0.0,0,0,0,0,0
2022-06-24,173,198,0,0.0,0,4,0,0.0,0,0,0,0,0
2022-06-25,174,205,0,0.0,0,5,0,0.0,0,0,0,0,0
2022-06-26,175,142,0,0.0,0,6,0,0.0,0,0,0,0,0
2022-06-27,176,163,0,0.0,0,0,0,0.0,0,0,0,0,0
2022-06-28,177,183,0,0.0,0,1,0,0.0,0,0,0,0,0
2022-06-29,178,182,0,0.0,0,2,0,0.0,0,0,0,0,0
2022-06-30,179,182,0,0.0,0,3,0,0.0,0,0,0,0,0
2022-07-01,180,204,0,0.0,0,4,0,0.0,0,0,0,0,0
2022-07-02,181,228,0,0.0,0,5,0,0.0,0,0,0,0,0
2022-07-03,182,163,0,0.0,0,6,0,0.0,0,0,0,0,0
2022-07-04,183,166,0,0.0,0,0,0,0.0,0,0,0,0,0
2022-07-05,184,180,0,0.0,0,1,0,0.0,0,0,0,0,0
2022-07-06,185,184,0,0.0,0,2,0,0.0,0,0,0,0,0
2022-07-07,186,197,0,0.0,0,3,0,0.0,0,0,0,0,0
2022-07-08,187,209,0,0.0,0,4,0,0.0,0,0,0,0,0
2022-07-09,188,210,0,0.0,0,5,0,0.0,0,0,0,0,0
2022-07-10,189,144,0,0.0,0,6,0,0.0,0,0,0,0,0
2022-07-11,190,176,0,0.0,0,0,0,0.0,0,0,0,0,0
2022-07-12,191,190,0,0.0,0,1,0,0.0,0,0,0,0,0
2022-07-13,192,182,0,0.0,0,2,0,0.0,0,0,0,0,0
2022-07-14,193,182,0,0.0,0,3,0,0.0,0,0,0,0,0
2022-07-15,194,214,0,0.0,0,4,0,0.0,0,0,0,0,0
2022-07-16,195,213,0,0.0,0,5,0,0.0,0,0,0,0,0
2022-07-17,196,150,0,0.0,0,6,0,0.0,0,0,0,0,0
2022-07-18,197,171,0,0.0,0,0,0,0.0,0,0,0,0,0
2022-07-19,198,171,0,0.0,0,1,0,0.0,0,0,0,0,0
2022-07-20,199,178,0,0.0,0,2,0,0.0,0,0,0,0,0
2022-07-21,200,182,0,0.0,0,3,0,0.0,0,0,0,0,0
2022-07-22,201,206,0,0.0,0,4,0,0.0,0,0,0,0,0
2022-07-23,202,231,0,0.0,0,5,0,0.0,0,0,0,0,0
2022-07-24,203,164,0,0.0,0,6,0,0.0,0,0,0,0,0
2022-07-25,204,176,0,0.0,0,0,0,0.0,0,0,0,0,0
2022-07-26,205,161,0,0.0,0,1,0,0.0,0,0,0,0,0
2022-07-27,206,174,0,0.0,0,2,0,0.0,0,0,0,0,0
2022-07-28,207,176,0,0.0,0,3,0,0.0,0,0,0,0,0
2022-07-29,208,173,0,0.0,0,4,0,0.0,0,1,0,0,0
2022-07-30,209,188,0,0.0,0,5,0,0.0,1,0,0,0,0
2022-07-31,210,294,1,20.0,5,6,1,20.0,0,0,0,0,0
2022-08-01,211,315,1,20.0,5,0,1,20.0,0,0,0,0,0
2022-08-02,212,307,1,20.0,5,1,1,20.0,0,0,0,0,0
2022-08-03,213,318,1,20.0,5,2,1,20.0,0,0,0,0,0
2022-08-04,214,166,0,0.0,0,3,0,0.0,0,0,1,0,0
2022-08-05,215,185,0,0.0,0,4,0,0.0,0,0,0,1,0
2022-08-06,216,209,0,0.0,0,5,0,0.0,0,0,0,0,1
2022-08-07,217,168,0,0.0,0,6,0,0.0,0,0,0,0,0
2022-08-08,218,184,0,0.0,0,0,0,0.0,0,0,0,0,0
2022-08-09,219,180,0,0.0,0,1,0,0.0,0,0,0,0,0
2022-08-10,220,177,0,0.0,0,2,0,0.0,0,0,0,0,0
2022-08-11,221,183,0,0.0,0,3,0,0.0,0,0,0,0,0
2022-08-12,222,207,0,0.0,0,4,0,0.0,0,0,0,0,0
2022-08-13,223,223,0,0.0,0,5,0,0.0,0,0,0,0,0
2022-08-14,224,154,0,0.0,0,6,0,0.0,0,0,0,0,0
2022-08-15,225,170,0,0.0,0,0,0,0.0,0,0,0,0,0
2022-08-16,226,178,0,0.0,0,1,0,0.0,0,0,0,0,0
2022-08-17,227,203,0,0.0,0,2,0,0.0,0,0,0,0,0
2022-08-18,228,210,0,0.0,0,3,0,0.0,0,0,0,0,0
2022-08-19,229,208,0,0.0,0,4,0,0.0,0,0,0,0,0
2022-08-20,230,221,0,0.0,0,5,0,0.0,0,0,0,0,0
2022-08-21,231,150,0,0.0,0,6,0,0.0,0,0,0,0,0
2022-08-22,232,164,0,0.0,0,0,0,0.0,0,0,0,0,0
2022-08-23,233,177,0,0.0,0,1,0,0.0,0,0,0,0,0
2022-08-24,234,193,0,0.0,0,2,0,0.0,0,0,0,0,0
2022-08-25,235,186,0,0.0,0,3,0,0.0,0,0,0,0,0
2022-08-26,236,202,0,0.0,0,4,0,0.0,0,0,0,0,0
2022-08-27,237,204,0,0.0,0,5,0,0.0,0,0,0,0,0
2022-08-28,238,155,0,0.0,0,6,0,0.0,0,0,0,0,0
2022-08-29,239,162,0,0.0,0,0,0,0.0,0,0,0,0,0
2022-08-30,240,171,0,0.0,0,1,0,0.0,0,0,0,0,0
2022-08-31,241,174,0,0.0,0,2,0,0.0,0,0,0,0,0
2022-09-01,242,185,0,0.0,0,3,0,0.0,0,0,0,0,0
2022-09-02,243,194,0,0.0,0,4,0,0.0,0,0,0,0,0
2022-09-03,244,207,0,0.0,0,5,0,0.0,0,0,0,0,0
2022-09-04,245,175,0,0.0,0,6,0,0.0,0,0,0,0,0
2022-09-05,246,168,0,0.0,0,0,0,0.0,0,0,0,0,0
2022-09-06,247,169,0,0.0,0,1,0,0.0,0,0,0,0,0
2022-09-07,248,196,0,0.0,0,2,0,0.0,0,0,0,0,0
2022-09-08,249,217,0,0.0,0,3,0,0.0,0,0,0,0,0
2022-09-09,250,210,0,0.0,0,4,0,0.0,0,0,0,0,0
2022-09-10,251,222,0,0.0,0,5,0,0.0,0,0,0,0,0
2022-09-11,252,167,0,0.0,0,6,0,0.0,0,0,0,0,0
2022-09-12,253,171,0,0.0,0,0,0,0.0,0,1,0,0,0
2022-09-13,254,160,0,0.0,0,1,0,0.0,1,0,0,0,0
2022-09-14,255,363,1,30.0,6,2,1,30.0,0,0,0,0,0
2022-09-15,256,376,1,30.0,6,3,1,30.0,0,0,0,0,0
2022-09-16,257,396,1,30.0,6,4,1,30.0,0,0,0,0,0
2022-09-17,258,207,0,0.0,0,5,0,0.0,0,0,1,0,0
2022-09-18,259,151,0,0.0,0,6,0,0.0,0,0,0,1,0
2022-09-19,260,152,0,0.0,0,0,0,0.0,0,0,0,0,1
2022-09-20,261,175,0,0.0,0,1,0,0.0,0,0,0,0,0
2022-09-21,262,182,0,0.0,0,2,0,0.0,0,0,0,0,0
2022-09-22,263,192,0,0.0,0,3,0,0.0,0,0,0,0,0
2022-09-23,264,207,0,0.0,0,4,0,0.0,0,0,0,0,0
2022-09-24,265,229,0,0.0,0,5,0,0.0,0,0,0,0,0
2022-09-25,266,176,0,0.0,0,6,0,0.0,0,0,0,0,0
2022-09-26,267,181,0,0.0,0,0,0,0.0,0,0,0,0,0
2022-09-27,268,186,0,0.0,0,1,0,0.0,0,0,0,0,0
2022-09-28,269,189,0,0.0,0,2,0,0.0,0,0,0,0,0
2022-09-29,270,193,0,0.0,0,3,0,0.0,0,0,0,0,0
2022-09-30,271,207,0,0.0,0,4,0,0.0,0,0,0,0,0
2022-10-01,272,228,0,0.0,0,5,0,0.0,0,0,0,0,0
2022-10-02,273,167,0,0.0,0,6,0,0.0,0,0,0,0,0
2022-10-03,274,194,0,0.0,0,0,0,0.0,0,0,0,0,0
2022-10-04,275,201,0,0.0,0,1,0,0.0,0,0,0,0,0
2022-10-05,276,198,0,0.0,0,2,0,0.0,0,0,0,0,0
2022-10-06,277,190,0,0.0,0,3,0,0.0,0,0,0,0,0
2022-10-07,278,203,0,0.0,0,4,0,0.0,0,0,0,0,0
2022-10-08,279,235,0,0.0,0,5,0,0.0,0,0,0,0,0
2022-10-09,280,173,0,0.0,0,6,0,0.0,0,0,0,0,0
2022-10-10,281,184,0,0.0,0,0,0,0.0,0,0,0,0,0
2022-10-11,282,172,0,0.0,0,1,0,0.0,0,0,0,0,0
2022-10-12,283,192,0,0.0,0,2,0,0.0,0,0,0,0,0
2022-10-13,284,199,0,0.0,0,3,0,0.0,0,0,0,0,0
2022-10-14,285,207,0,0.0,0,4,0,0.0,0,0,0,0,0
2022-10-15,286,223,0,0.0,0,5,0,0.0,0,0,0,0,0
2022-10-16,287,169,0,0.0,0,6,0,0.0,0,0,0,0,0
2022-10-17,288,180,0,0.0,0,0,0,0.0,0,0,0,0,0
2022-10-18,289,182,0,0.0,0,1,0,0.0,0,0,0,0,0
2022-10-19,290,188,0,0.0,0,2,0,0.0,0,0,0,0,0
2022-10-20,291,192,0,0.0,0,3,0,0.0,0,0,0,0,0
2022-10-21,292,215,0,0.0,0,4,0,0.0,0,0,0,0,0
2022-10-22,293,242,0,0.0,0,5,0,0.0,0,0,0,0,0
2022-10-23,294,154,0,0.0,0,6,0,0.0,0,0,0,0,0
2022-10-24,295,173,0,0.0,0,0,0,0.0,0,0,0,0,0
2022-10-25,296,184,0,0.0,0,1,0,0.0,0,0,0,0,0
2022-10-26,297,193,0,0.0,0,2,0,0.0,0,0,0,0,0
2022-10-27,298,193,0,0.0,0,3,0,0.0,0,0,0,0,0
2022-10-28,299,201,0,0.0,0,4,0,0.0,0,0,0,0,0
2022-10-29,300,228,0,0.0,0,5,0,0.0,0,0,0,0,0
2022-10-30,301,184,0,0.0,0,6,0,0.0,0,0,0,0,0
2022-10-31,302,173,0,0.0,0,0,0,0.0,0,0,0,0,0
2022-11-01,303,172,0,0.0,0,1,0,0.0,0,1,0,0,0
2022-11-02,304,171,0,0.0,0,2,0,0.0,1,0,0,0,0
2022-11-03,305,316,1,15.0,7,3,1,15.0,0,0,0,0,0
2022-11-04,306,328,1,15.0,7,4,1,15.0,0,0,0,0,0
2022-11-05,307,346,1,15.0,7,5,1,15.0,0,0,0,0,0
2022-11-06,308,300,1,15.0,7,6,1,15.0,0,0,0,0,0
2022-11-07,309,175,0,0.0,0,0,0,0.0,0,0,1,0,0
2022-11-08,310,187,0,0.0,0,1,0,0.0,0,0,0,1,0
2022-11-09,311,191,0,0.0,0,2,0,0.0,0,0,0,0,1
2022-11-10,312,206,0,0.0,0,3,0,0.0,0,0,0,0,0
2022-11-11,313,235,0,0.0,0,4,0,0.0,0,0,0,0,0
2022-11-12,314,242,0,0.0,0,5,0,0.0,0,0,0,0,0
2022-11-13,315,183,0,0.0,0,6,0,0.0,0,0,0,0,0
2022-11-14,316,184,0,0.0,0,0,0,0.0,0,0,0,0,0
2022-11-15,317,189,0,0.0,0,1,0,0.0,0,0,0,0,0
2022-11-16,318,188,0,0.0,0,2,0,0.0,0,0,0,0,0
2022-11-17,319,204,0,0.0,0,3,0,0.0,0,0,0,0,0
2022-11-18,320,211,0,0.0,0,4,0,0.0,0,0,0,0,0
2022-11-19,321,237,0,0.0,0,5,0,0.0,0,0,0,0,0
2022-11-20,322,173,0,0.0,0,6,0,0.0,0,0,0,0,0
2022-11-21,323,193,0,0.0,0,0,0,0.0,0,0,0,0,0
2022-11-22,324,198,0,0.0,0,1,0,0.0,0,0,0,0,0
2022-11-23,325,212,0,0.0,0,2,0,0.0,0,0,0,0,0
2022-11-24,326,211,0,0.0,0,3,0,0.0,0,0,0,0,0
2022-11-25,327,211,0,0.0,0,4,0,0.0,0,0,0,0,0
2022-11-26,328,231,0,0.0,0,5,0,0.0,0,0,0,0,0
2022-11-27,329,164,0,0.0,0,6,0,0.0,0,0,0,0,0
2022-11-28,330,177,0,0.0,0,0,0,0.0,0,0,0,0,0
2022-11-29,331,199,0,0.0,0,1,0,0.0,0,0,0,0,0
2022-11-30,332,203,0,0.0,0,2,0,0.0,0,0,0,0,0
2022-12-01,333,197,0,0.0,0,3,0,0.0,0,0,0,0,0
2022-12-02,334,211,0,0.0,0,4,0,0.0,0,0,0,0,0
2022-12-03,335,232,0,0.0,0,5,0,0.0,0,0,0,0,0
2022-12-04,336,165,0,0.0,0,6,0,0.0,0,0,0,0,0
2022-12-05,337,176,0,0.0,0,0,0,0.0,0,0,0,0,0
2022-12-06,338,190,0,0.0,0,1,0,0.0,0,0,0,0,0
2022-12-07,339,205,0,0.0,0,2,0,0.0,0,0,0,0,0
2022-12-08,340,209,0,0.0,0,3,0,0.0,0,0,0,0,0
2022-12-09,341,205,0,0.0,0,4,0,0.0,0,0,0,0,0
2022-12-10,342,233,0,0.0,0,5,0,0.0,0,0,0,0,0
2022-12-11,343,176,0,0.0,0,6,0,0.0,0,0,0,0,0
2022-12-12,344,189,0,0.0,0,0,0,0.0,0,0,0,0,0
2022-12-13,345,205,0,0.0,0,1,0,0.0,0,0,0,0,0
2022-12-14,346,185,0,0.0,0,2,0,0.0,0,0,0,0,0
2022-12-15,347,193,0,0.0,0,3,0,0.0,0,0,0,0,0
2022-12-16,348,223,0,0.0,0,4,0,0.0,0,0,0,0,0
2022-12-17,349,225,0,0.0,0,5,0,0.0,0,0,0,0,0
2022-12-18,350,185,0,0.0,0,6,0,0.0,0,0,0,0,0
2022-12-19,351,193,0,0.0,0,0,0,0.0,0,0,0,0,0
2022-12-20,352,201,0,0.0,0,1,0,0.0,0,0,0,0,0
2022-12-21,353,176,0,0.0,0,2,0,0.0,0,1,0,0,0
2022-12-22,354,188,0,0.0,0,3,0,0.0,1,0,0,0,0
2022-12-23,355,393,1,25.0,8,4,1,25.0,0,0,0,0,0
2022-12-24,356,403,1,25.0,8,5,1,25.0,0,0,0,0,0
2022-12-25,357,342,1,25.0,8,6,1,25.0,0,0,0,0,0
2022-12-26,358,351,1,25.0,8,0,1,25.0,0,0,0,0,0
2022-12-27,359,347,1,25.0,8,1,1,25.0,0,0,0,0,0
2022-12-28,360,179,0,0.0,0,2,0,0.0,0,0,1,0,0
2022-12-29,361,185,0,0.0,0,3,0,0.0,0,0,0,1,0
2022-12-30,362,208,0,0.0,0,4,0,0.0,0,0,0,0,1
2022-12-31,363,247,0,0.0,0,5,0,0.0,0,0,0,0,0
2023-01-01,364,173,0,0.0,0,6,0,0.0,0,0,0,0,0
2023-01-02,365,186,0,0.0,0,0,0,0.0,0,0,0,0,0
2023-01-03,366,205,0,0.0,0,1,0,0.0,0,0,0,0,0
2023-01-04,367,197,0,0.0,0,2,0,0.0,0,0,0,0,0
2023-01-05,368,197,0,0.0,0,3,0,0.0,0,0,0,0,0
2023-01-06,369,223,0,0.0,0,4,0,0.0,0,0,0,0,0
2023-01-07,370,246,0,0.0,0,5,0,0.0,0,0,0,0,0
2023-01-08,371,182,0,0.0,0,6,0,0.0,0,0,0,0,0
2023-01-09,372,201,0,0.0,0,0,0,0.0,0,0,0,0,0
2023-01-10,373,206,0,0.0,0,1,0,0.0,0,0,0,0,0
2023-01-11,374,210,0,0.0,0,2,0,0.0,0,0,0,0,0
2023-01-12,375,213,0,0.0,0,3,0,0.0,0,0,0,0,0
2023-01-13,376,247,0,0.0,0,4,0,0.0,0,0,0,0,0
2023-01-14,377,246,0,0.0,0,5,0,0.0,0,0,0,0,0
2023-01-15,378,166,0,0.0,0,6,0,0.0,0,0,0,0,0
2023-01-16,379,198,0,0.0,0,0,0,0.0,0,0,0,0,0
2023-01-17,380,195,0,0.0,0,1,0,0.0,0,0,0,0,0
2023-01-18,381,201,0,0.0,0,2,0,0.0,0,0,0,0,0
2023-01-19,382,217,0,0.0,0,3,0,0.0,0,0,0,0,0
2023-01-20,383,217,0,0.0,0,4,0,0.0,0,0,0,0,0
2023-01-21,384,228,0,0.0,0,5,0,0.0,0,0,0,0,0
2023-01-22,385,164,0,0.0,0,6,0,0.0,0,0,0,0,0
2023-01-23,386,179,0,0.0,0,0,0,0.0,0,0,0,0,0
2023-01-24,387,196,0,0.0,0,1,0,0.0,0,0,0,0,0
2023-01-25,388,205,0,0.0,0,2,0,0.0,0,0,0,0,0
2023-01-26,389,210,0,0.0,0,3,0,0.0,0,0,0,0,0
2023-01-27,390,217,0,0.0,0,4,0,0.0,0,0,0,0,0
2023-01-28,391,220,0,0.0,0,5,0,0.0,0,0,0,0,0
2023-01-29,392,175,0,0.0,0,6,0,0.0,0,0,0,0,0
2023-01-30,393,186,0,0.0,0,0,0,0.0,0,0,0,0,0
2023-01-31,394,199,0,0.0,0,1,0,0.0,0,0,0,0,0
2023-02-01,395,209,0,0.0,0,2,0,0.0,0,0,0,0,0
2023-02-02,396,211,0,0.0,0,3,0,0.0,0,0,0,0,0
2023-02-03,397,235,0,0.0,0,4,0,0.0,0,0,0,0,0
2023-02-04,398,222,0,0.0,0,5,0,0.0,0,1,0,0,0
2023-02-05,399,170,0,0.0,0,6,0,0.0,1,0,0,0,0
2023-02-06,400,329,1,20.0,9,0,1,20.0,0,0,0,0,0
2023-02-07,401,335,1,20.0,9,1,1,20.0,0,0,0,0,0
2023-02-08,402,344,1,20.0,9,2,1,20.0,0,0,0,0,0
2023-02-09,403,198,0,0.0,0,3,0,0.0,0,0,1,0,0
2023-02-10,404,209,0,0.0,0,4,0,0.0,0,0,0,1,0
2023-02-11,405,228,0,0.0,0,5,0,0.0,0,0,0,0,1
2023-02-12,406,183,0,0.0,0,6,0,0.0,0,0,0,0,0
2023-02-13,407,193,0,0.0,0,0,0,0.0,0,0,0,0,0
2023-02-14,408,205,0,0.0,0,1,0,0.0,0,0,0,0,0
2023-02-15,409,190,0,0.0,0,2,0,0.0,0,0,0,0,0
2023-02-16,410,194,0,0.0,0,3,0,0.0,0,0,0,0,0
2023-02-17,411,212,0,0.0,0,4,0,0.0,0,0,0,0,0
2023-02-18,412,220,0,0.0,0,5,0,0.0,0,0,0,0,0
2023-02-19,413,170,0,0.0,0,6,0,0.0,0,0,0,0,0
2023-02-20,414,196,0,0.0,0,0,0,0.0,0,0,0,0,0
2023-02-21,415,198,0,0.0,0,1,0,0.0,0,0,0,0,0
2023-02-22,416,206,0,0.0,0,2,0,0.0,0,0,0,0,0
2023-02-23,417,219,0,0.0,0,3,0,0.0,0,0,0,0,0
2023-02-24,418,244,0,0.0,0,4,0,0.0,0,0,0,0,0
2023-02-25,419,250,0,0.0,0,5,0,0.0,0,0,0,0,0
2023-02-26,420,198,0,0.0,0,6,0,0.0,0,0,0,0,0
2023-02-27,421,201,0,0.0,0,0,0,0.0,0,0,0,0,0
2023-02-28,422,196,0,0.0,0,1,0,0.0,0,0,0,0,0
2023-03-01,423,199,0,0.0,0,2,0,0.0,0,0,0,0,0
2023-03-02,424,197,0,0.0,0,3,0,0.0,0,0,0,0,0
2023-03-03,425,219,0,0.0,0,4,0,0.0,0,0,0,0,0
2023-03-04,426,239,0,0.0,0,5,0,0.0,0,0,0,0,0
2023-03-05,427,190,0,0.0,0,6,0,0.0,0,0,0,0,0
2023-03-06,428,212,0,0.0,0,0,0,0.0,0,0,0,0,0
2023-03-07,429,196,0,0.0,0,1,0,0.0,0,0,0,0,0
2023-03-08,430,208,0,0.0,0,2,0,0.0,0,0,0,0,0
2023-03-09,431,204,0,0.0,0,3,0,0.0,0,0,0,0,0
2023-03-10,432,233,0,0.0,0,4,0,0.0,0,0,0,0,0
2023-03-11,433,246,0,0.0,0,5,0,0.0,0,0,0,0,0
2023-03-12,434,172,0,0.0,0,6,0,0.0,0,0,0,0,0
2023-03-13,435,199,0,0.0,0,0,0,0.0,0,0,0,0,0
2023-03-14,436,198,0,0.0,0,1,0,0.0,0,0,0,0,0
2023-03-15,437,202,0,0.0,0,2,0,0.0,0,0,0,0,0
2023-03-16,438,202,0,0.0,0,3,0,0.0,0,0,0,0,0
2023-03-17,439,224,0,0.0,0,4,0,0.0,0,0,0,0,0
2023-03-18,440,248,0,0.0,0,5,0,0.0,0,0,0,0,0
2023-03-19,441,187,0,0.0,0,6,0,0.0,0,0,0,0,0
2023-03-20,442,200,0,0.0,0,0,0,0.0,0,0,0,0,0
2023-03-21,443,207,0,0.0,0,1,0,0.0,0,0,0,0,0
2023-03-22,444,220,0,0.0,0,2,0,0.0,0,0,0,0,0
2023-03-23,445,215,0,0.0,0,3,0,0.0,0,0,0,0,0
2023-03-24,446,222,0,0.0,0,4,0,0.0,0,0,0,0,0
2023-03-25,447,253,0,0.0,0,5,0,0.0,0,0,0,0,0
2023-03-26,448,169,0,0.0,0,6,0,0.0,0,1,0,0,0
2023-03-27,449,187,0,0.0,0,0,0,0.0,1,0,0,0,0
2023-03-28,450,330,1,15.0,10,1,1,15.0,0,0,0,0,0
2023-03-29,451,330,1,15.0,10,2,1,15.0,0,0,0,0,0
2023-03-30,452,337,1,15.0,10,3,1,15.0,0,0,0,0,0
2023-03-31,453,371,1,15.0,10,4,1,15.0,0,0,0,0,0
2023-04-01,454,250,0,0.0,0,5,0,0.0,0,0,1,0,0
2023-04-02,455,182,0,0.0,0,6,0,0.0,0,0,0,1,0
2023-04-03,456,188,0,0.0,0,0,0,0.0,0,0,0,0,1
2023-04-04,457,215,0,0.0,0,1,0,0.0,0,0,0,0,0
2023-04-05,458,207,0,0.0,0,2,0,0.0,0,0,0,0,0
2023-04-06,459,217,0,0.0,0,3,0,0.0,0,0,0,0,0
2023-04-07,460,236,0,0.0,0,4,0,0.0,0,0,0,0,0
2023-04-08,461,253,0,0.0,0,5,0,0.0,0,0,0,0,0
2023-04-09,462,185,0,0.0,0,6,0,0.0,0,0,0,0,0
2023-04-10,463,186,0,0.0,0,0,0,0.0,0,0,0,0,0
2023-04-11,464,184,0,0.0,0,1,0,0.0,0,0,0,0,0
2023-04-12,465,194,0,0.0,0,2,0,0.0,0,0,0,0,0
2023-04-13,466,206,0,0.0,0,3,0,0.0,0,0,0,0,0
2023-04-14,467,230,0,0.0,0,4,0,0.0,0,0,0,0,0
2023-04-15,468,265,0,0.0,0,5,0,0.0,0,0,0,0,0
2023-04-16,469,205,0,0.0,0,6,0,0.0,0,0,0,0,0
2023-04-17,470,198,0,0.0,0,0,0,0.0,0,0,0,0,0
2023-04-18,471,208,0,0.0,0,1,0,0.0,0,0,0,0,0
2023-04-19,472,209,0,0.0,0,2,0,0.0,0,0,0,0,0
2023-04-20,473,214,0,0.0,0,3,0,0.0,0,0,0,0,0
2023-04-21,474,237,0,0.0,0,4,0,0.0,0,0,0,0,0
2023-04-22,475,257,0,0.0,0,5,0,0.0,0,0,0,0,0
2023-04-23,476,191,0,0.0,0,6,0,0.0,0,0,0,0,0
2023-04-24,477,210,0,0.0,0,0,0,0.0,0,0,0,0,0
2023-04-25,478,201,0,0.0,0,1,0,0.0,0,0,0,0,0
2023-04-26,479,210,0,0.0,0,2,0,0.0,0,0,0,0,0
2023-04-27,480,238,0,0.0,0,3,0,0.0,0,0,0,0,0
2023-04-28,481,247,0,0.0,0,4,0,0.0,0,0,0,0,0
2023-04-29,482,267,0,0.0,0,5,0,0.0,0,0,0,0,0
2023-04-30,483,199,0,0.0,0,6,0,0.0,0,0,0,0,0
2023-05-01,484,210,0,0.0,0,0,0,0.0,0,0,0,0,0
2023-05-02,485,210,0,0.0,0,1,0,0.0,0,0,0,0,0
2023-05-03,486,213,0,0.0,0,2,0,0.0,0,0,0,0,0
2023-05-04,487,212,0,0.0,0,3,0,0.0,0,0,0,0,0
2023-05-05,488,240,0,0.0,0,4,0,0.0,0,0,0,0,0
2023-05-06,489,247,0,0.0,0,5,0,0.0,0,0,0,0,0
2023-05-07,490,197,0,0.0,0,6,0,0.0,0,0,0,0,0
2023-05-08,491,214,0,0.0,0,0,0,0.0,0,0,0,0,0
2023-05-09,492,215,0,0.0,0,1,0,0.0,0,0,0,0,0
2023-05-10,493,214,0,0.0,0,2,0,0.0,0,0,0,0,0
2023-05-11,494,223,0,0.0,0,3,0,0.0,0,0,0,0,0
2023-05-12,495,238,0,0.0,0,4,0,0.0,0,0,0,0,0
2023-05-13,496,262,0,0.0,0,5,0,0.0,0,0,0,0,0
2023-05-14,497,182,0,0.0,0,6,0,0.0,0,0,0,0,0
2023-05-15,498,178,0,0.0,0,0,0,0.0,0,1,0,0,0
2023-05-16,499,172,0,0.0,0,1,0,0.0,1,0,0,0,0
2023-05-17,500,377,1,30.0,11,2,1,30.0,0,0,0,0,0
2023-05-18,501,405,1,30.0,11,3,1,30.0,0,0,0,0,0
2023-05-19,502,429,1,30.0,11,4,1,30.0,0,0,0,0,0
2023-05-20,503,232,0,0.0,0,5,0,0.0,0,0,1,0,0
2023-05-21,504,168,0,0.0,0,6,0,0.0,0,0,0,1,0
2023-05-22,505,163,0,0.0,0,0,0,0.0,0,0,0,0,1
2023-05-23,506,196,0,0.0,0,1,0,0.0,0,0,0,0,0
2023-05-24,507,230,0,0.0,0,2,0,0.0,0,0,0,0,0
2023-05-25,508,229,0,0.0,0,3,0,0.0,0,0,0,0,0
2023-05-26,509,240,0,0.0,0,4,0,0.0,0,0,0,0,0
2023-05-27,510,259,0,0.0,0,5,0,0.0,0,0,0,0,0
2023-05-28,511,185,0,0.0,0,6,0,0.0,0,0,0,0,0
2023-05-29,512,200,0,0.0,0,0,0,0.0,0,0,0,0,0
2023-05-30,513,210,0,0.0,0,1,0,0.0,0,0,0,0,0
2023-05-31,514,215,0,0.0,0,2,0,0.0,0,0,0,0,0
2023-06-01,515,228,0,0.0,0,3,0,0.0,0,0,0,0,0
2023-06-02,516,247,0,0.0,0,4,0,0.0,0,0,0,0,0
2023-06-03,517,264,0,0.0,0,5,0,0.0,0,0,0,0,0
2023-06-04,518,194,0,0.0,0,6,0,0.0,0,0,0,0,0
2023-06-05,519,213,0,0.0,0,0,0,0.0,0,0,0,0,0
2023-06-06,520,228,0,0.0,0,1,0,0.0,0,0,0,0,0
2023-06-07,521,215,0,0.0,0,2,0,0.0,0,0,0,0,0
2023-06-08,522,215,0,0.0,0,3,0,0.0,0,0,0,0,0
2023-06-09,523,251,0,0.0,0,4,0,0.0,0,0,0,0,0
2023-06-10,524,259,0,0.0,0,5,0,0.0,0,0,0,0,0
2023-06-11,525,210,0,0.0,0,6,0,0.0,0,0,0,0,0
2023-06-12,526,209,0,0.0,0,0,0,0.0,0,0,0,0,0
2023-06-13,527,225,0,0.0,0,1,0,0.0,0,0,0,0,0
2023-06-14,528,224,0,0.0,0,2,0,0.0,0,0,0,0,0
2023-06-15,529,227,0,0.0,0,3,0,0.0,0,0,0,0,0
2023-06-16,530,257,0,0.0,0,4,0,0.0,0,0,0,0,0
2023-06-17,531,261,0,0.0,0,5,0,0.0,0,0,0,0,0
2023-06-18,532,192,0,0.0,0,6,0,0.0,0,0,0,0,0
2023-06-19,533,203,0,0.0,0,0,0,0.0,0,0,0,0,0
2023-06-20,534,216,0,0.0,0,1,0,0.0,0,0,0,0,0
2023-06-21,535,207,0,0.0,0,2,0,0.0,0,0,0,0,0
2023-06-22,536,225,0,0.0,0,3,0,0.0,0,0,0,0,0
2023-06-23,537,240,0,0.0,0,4,0,0.0,0,0,0,0,0
2023-06-24,538,267,0,0.0,0,5,0,0.0,0,0,0,0,0
2023-06-25,539,183,0,0.0,0,6,0,0.0,0,0,0,0,0
2023-06-26,540,198,0,0.0,0,0,0,0.0,0,0,0,0,0
2023-06-27,541,197,0,0.0,0,1,0,0.0,0,0,0,0,0
2023-06-28,542,207,0,0.0,0,2,0,0.0,0,0,0,0,0
2023-06-29,543,200,0,0.0,0,3,0,0.0,0,1,0,0,0
2023-06-30,544,219,0,0.0,0,4,0,0.0,1,0,0,0,0
2023-07-01,545,398,1,20.0,12,5,1,20.0,0,0,0,0,0
2023-07-02,546,338,1,20.0,12,6,1,20.0,0,0,0,0,0
2023-07-03,547,351,1,20.0,12,0,1,20.0,0,0,0,0,0
2023-07-04,548,348,1,20.0,12,1,1,20.0,0,0,0,0,0
2023-07-05,549,364,1,20.0,12,2,1,20.0,0,0,0,0,0
2023-07-06,550,214,0,0.0,0,3,0,0.0,0,0,1,0,0
2023-07-07,551,231,0,0.0,0,4,0,0.0,0,0,0,1,0
2023-07-08,552,246,0,0.0,0,5,0,0.0,0,0,0,0,1
2023-07-09,553,206,0,0.0,0,6,0,0.0,0,0,0,0,0
2023-07-10,554,229,0,0.0,0,0,0,0.0,0,0,0,0,0
2023-07-11,555,222,0,0.0,0,1,0,0.0,0,0,0,0,0
2023-07-12,556,221,0,0.0,0,2,0,0.0,0,0,0,0,0
2023-07-13,557,221,0,0.0,0,3,0,0.0,0,0,0,0,0
2023-07-14,558,237,0,0.0,0,4,0,0.0,0,0,0,0,0
2023-07-15,559,248,0,0.0,0,5,0,0.0,0,0,0,0,0
2023-07-16,560,190,0,0.0,0,6,0,0.0,0,0,0,0,0
2023-07-17,561,208,0,0.0,0,0,0,0.0,0,0,0,0,0
2023-07-18,562,218,0,0.0,0,1,0,0.0,0,0,0,0,0
2023-07-19,563,223,0,0.0,0,2,0,0.0,0,0,0,0,0
2023-07-20,564,222,0,0.0,0,3,0,0.0,0,0,0,0,0
2023-07-21,565,253,0,0.0,0,4,0,0.0,0,0,0,0,0
2023-07-22,566,271,0,0.0,0,5,0,0.0,0,0,0,0,0
2023-07-23,567,204,0,0.0,0,6,0,0.0,0,0,0,0,0
2023-07-24,568,208,0,0.0,0,0,0,0.0,0,0,0,0,0
2023-07-25,569,221,0,0.0,0,1,0,0.0,0,0,0,0,0
2023-07-26,570,226,0,0.0,0,2,0,0.0,0,0,0,0,0
2023-07-27,571,218,0,0.0,0,3,0,0.0,0,0,0,0,0
2023-07-28,572,244,0,0.0,0,4,0,0.0,0,0,0,0,0
2023-07-29,573,264,0,0.0,0,5,0,0.0,0,0,0,0,0
2023-07-30,574,197,0,0.0,0,6,0,0.0,0,0,0,0,0
2023-07-31,575,213,0,0.0,0,0,0,0.0,0,0,0,0,0
2023-08-01,576,207,0,0.0,0,1,0,0.0,0,0,0,0,0
2023-08-02,577,231,0,0.0,0,2,0,0.0,0,0,0,0,0
2023-08-03,578,242,0,0.0,0,3,0,0.0,0,0,0,0,0
2023-08-04,579,252,0,0.0,0,4,0,0.0,0,0,0,0,0
2023-08-05,580,268,0,0.0,0,5,0,0.0,0,0,0,0,0
2023-08-06,581,187,0,0.0,0,6,0,0.0,0,0,0,0,0
2023-08-07,582,199,0,0.0,0,0,0,0.0,0,0,0,0,0
2023-08-08,583,212,0,0.0,0,1,0,0.0,0,0,0,0,0
2023-08-09,584,214,0,0.0,0,2,0,0.0,0,0,0,0,0
2023-08-10,585,232,0,0.0,0,3,0,0.0,0,0,0,0,0
2023-08-11,586,267,0,0.0,0,4,0,0.0,0,0,0,0,0
2023-08-12,587,262,0,0.0,0,5,0,0.0,0,0,0,0,0
2023-08-13,588,198,0,0.0,0,6,0,0.0,0,0,0,0,0
2023-08-14,589,215,0,0.0,0,0,0,0.0,0,0,0,0,0
2023-08-15,590,233,0,0.0,0,1,0,0.0,0,0,0,0,0
2023-08-16,591,221,0,0.0,0,2,0,0.0,0,0,0,0,0
2023-08-17,592,231,0,0.0,0,3,0,0.0,0,0,0,0,0
2023-08-18,593,239,0,0.0,0,4,0,0.0,0,1,0,0,0
2023-08-19,594,232,0,0.0,0,5,0,0.0,1,0,0,0,0
2023-08-20,595,293,1,10.0,13,6,1,10.0,0,0,0,0,0
2023-08-21,596,309,1,10.0,13,0,1,10.0,0,0,0,0,0
2023-08-22,597,315,1,10.0,13,1,1,10.0,0,0,0,0,0
2023-08-23,598,212,0,0.0,0,2,0,0.0,0,0,1,0,0
2023-08-24,599,216,0,0.0,0,3,0,0.0,0,0,0,1,0
2023-08-25,600,220,0,0.0,0,4,0,0.0,0,0,0,0,1
2023-08-26,601,267,0,0.0,0,5,0,0.0,0,0,0,0,0
2023-08-27,602,202,0,0.0,0,6,0,0.0,0,0,0,0,0
2023-08-28,603,226,0,0.0,0,0,0,0.0,0,0,0,0,0
2023-08-29,604,220,0,0.0,0,1,0,0.0,0,0,0,0,0
2023-08-30,605,222,0,0.0,0,2,0,0.0,0,0,0,0,0
2023-08-31,606,235,0,0.0,0,3,0,0.0,0,0,0,0,0
2023-09-01,607,260,0,0.0,0,4,0,0.0,0,0,0,0,0
2023-09-02,608,274,0,0.0,0,5,0,0.0,0,0,0,0,0
2023-09-03,609,197,0,0.0,0,6,0,0.0,0,0,0,0,0
2023-09-04,610,219,0,0.0,0,0,0,0.0,0,0,0,0,0
2023-09-05,611,215,0,0.0,0,1,0,0.0,0,0,0,0,0
2023-09-06,612,227,0,0.0,0,2,0,0.0,0,0,0,0,0
2023-09-07,613,222,0,0.0,0,3,0,0.0,0,0,0,0,0
2023-09-08,614,253,0,0.0,0,4,0,0.0,0,0,0,0,0
2023-09-09,615,262,0,0.0,0,5,0,0.0,0,0,0,0,0
2023-09-10,616,196,0,0.0,0,6,0,0.0,0,0,0,0,0
2023-09-11,617,220,0,0.0,0,0,0,0.0,0,0,0,0,0
2023-09-12,618,227,0,0.0,0,1,0,0.0,0,0,0,0,0
2023-09-13,619,225,0,0.0,0,2,0,0.0,0,0,0,0,0
2023-09-14,620,245,0,0.0,0,3,0,0.0,0,0,0,0,0
2023-09-15,621,255,0,0.0,0,4,0,0.0,0,0,0,0,0
2023-09-16,622,270,0,0.0,0,5,0,0.0,0,0,0,0,0
2023-09-17,623,212,0,0.0,0,6,0,0.0,0,0,0,0,0
2023-09-18,624,216,0,0.0,0,0,0,0.0,0,0,0,0,0
2023-09-19,625,227,0,0.0,0,1,0,0.0,0,0,0,0,0
2023-09-20,626,227,0,0.0,0,2,0,0.0,0,0,0,0,0
2023-09-21,627,231,0,0.0,0,3,0,0.0,0,0,0,0,0
2023-09-22,628,265,0,0.0,0,4,0,0.0,0,0,0,0,0
2023-09-23,629,265,0,0.0,0,5,0,0.0,0,0,0,0,0
2023-09-24,630,190,0,0.0,0,6,0,0.0,0,0,0,0,0
2023-09-25,631,226,0,0.0,0,0,0,0.0,0,0,0,0,0
2023-09-26,632,248,0,0.0,0,1,0,0.0,0,0,0,0,0
2023-09-27,633,236,0,0.0,0,2,0,0.0,0,0,0,0,0
2023-09-28,634,222,0,0.0,0,3,0,0.0,0,0,0,0,0
2023-09-29,635,249,0,0.0,0,4,0,0.0,0,0,0,0,0
2023-09-30,636,266,0,0.0,0,5,0,0.0,0,0,0,0,0
2023-10-01,637,208,0,0.0,0,6,0,0.0,0,0,0,0,0
2023-10-02,638,190,0,0.0,0,0,0,0.0,0,1,0,0,0
2023-10-03,639,205,0,0.0,0,1,0,0.0,1,0,0,0,0
2023-10-04,640,396,1,25.0,14,2,1,25.0,0,0,0,0,0
2023-10-05,641,387,1,25.0,14,3,1,25.0,0,0,0,0,0
2023-10-06,642,419,1,25.0,14,4,1,25.0,0,0,0,0,0
2023-10-07,643,449,1,25.0,14,5,1,25.0,0,0,0,0,0
2023-10-08,644,202,0,0.0,0,6,0,0.0,0,0,1,0,0
2023-10-09,645,204,0,0.0,0,0,0,0.0,0,0,0,1,0
2023-10-10,646,208,0,0.0,0,1,0,0.0,0,0,0,0,1
2023-10-11,647,237,0,0.0,0,2,0,0.0,0,0,0,0,0
2023-10-12,648,225,0,0.0,0,3,0,0.0,0,0,0,0,0
2023-10-13,649,255,0,0.0,0,4,0,0.0,0,0,0,0,0
2023-10-14,650,269,0,0.0,0,5,0,0.0,0,0,0,0,0
2023-10-15,651,226,0,0.0,0,6,0,0.0,0,0,0,0,0
2023-10-16,652,227,0,0.0,0,0,0,0.0,0,0,0,0,0
2023-10-17,653,243,0,0.0,0,1,0,0.0,0,0,0,0,0
2023-10-18,654,230,0,0.0,0,2,0,0.0,0,0,0,0,0
2023-10-19,655,242,0,0.0,0,3,0,0.0,0,0,0,0,0
2023-10-20,656,262,0,0.0,0,4,0,0.0,0,0,0,0,0
2023-10-21,657,268,0,0.0,0,5,0,0.0,0,0,0,0,0
2023-10-22,658,213,0,0.0,0,6,0,0.0,0,0,0,0,0
2023-10-23,659,234,0,0.0,0,0,0,0.0,0,0,0,0,0
2023-10-24,660,230,0,0.0,0,1,0,0.0,0,0,0,0,0
2023-10-25,661,221,0,0.0,0,2,0,0.0,0,0,0,0,0
2023-10-26,662,235,0,0.0,0,3,0,0.0,0,0,0,0,0
2023-10-27,663,251,0,0.0,0,4,0,0.0,0,0,0,0,0
2023-10-28,664,269,0,0.0,0,5,0,0.0,0,0,0,0,0
2023-10-29,665,212,0,0.0,0,6,0,0.0,0,0,0,0,0
2023-10-30,666,210,0,0.0,0,0,0,0.0,0,0,0,0,0
2023-10-31,667,212,0,0.0,0,1,0,0.0,0,0,0,0,0
2023-11-01,668,233,0,0.0,0,2,0,0.0,0,0,0,0,0
2023-11-02,669,235,0,0.0,0,3,0,0.0,0,0,0,0,0
2023-11-03,670,238,0,0.0,0,4,0,0.0,0,0,0,0,0
2023-11-04,671,274,0,0.0,0,5,0,0.0,0,0,0,0,0
2023-11-05,672,217,0,0.0,0,6,0,0.0,0,0,0,0,0
2023-11-06,673,221,0,0.0,0,0,0,0.0,0,0,0,0,0
2023-11-07,674,219,0,0.0,0,1,0,0.0,0,0,0,0,0
2023-11-08,675,238,0,0.0,0,2,0,0.0,0,0,0,0,0
2023-11-09,676,245,0,0.0,0,3,0,0.0,0,0,0,0,0
2023-11-10,677,282,0,0.0,0,4,0,0.0,0,0,0,0,0
2023-11-11,678,287,0,0.0,0,5,0,0.0,0,0,0,0,0
2023-11-12,679,223,0,0.0,0,6,0,0.0,0,0,0,0,0
2023-11-13,680,228,0,0.0,0,0,0,0.0,0,0,0,0,0
2023-11-14,681,239,0,0.0,0,1,0,0.0,0,0,0,0,0
2023-11-15,682,244,0,0.0,0,2,0,0.0,0,0,0,0,0
2023-11-16,683,255,0,0.0,0,3,0,0.0,0,0,0,0,0
2023-11-17,684,262,0,0.0,0,4,0,0.0,0,0,0,0,0
2023-11-18,685,274,0,0.0,0,5,0,0.0,0,0,0,0,0
2023-11-19,686,212,0,0.0,0,6,0,0.0,0,0,0,0,0
2023-11-20,687,232,0,0.0,0,0,0,0.0,0,0,0,0,0
2023-11-21,688,222,0,0.0,0,1,0,0.0,0,1,0,0,0
2023-11-22,689,215,0,0.0,0,2,0,0.0,1,0,0,0,0
2023-11-23,690,380,1,20.0,15,3,1,20.0,0,0,0,0,0
2023-11-24,691,404,1,20.0,15,4,1,20.0,0,0,0,0,0
2023-11-25,692,417,1,20.0,15,5,1,20.0,0,0,0,0,0
2023-11-26,693,207,0,0.0,0,6,0,0.0,0,0,1,0,0
2023-11-27,694,196,0,0.0,0,0,0,0.0,0,0,0,1,0
2023-11-28,695,204,0,0.0,0,1,0,0.0,0,0,0,0,1
2023-11-29,696,228,0,0.0,0,2,0,0.0,0,0,0,0,0
2023-11-30,697,221,0,0.0,0,3,0,0.0,0,0,0,0,0
2023-12-01,698,248,0,0.0,0,4,0,0.0,0,0,0,0,0
2023-12-02,699,266,0,0.0,0,5,0,0.0,0,0,0,0,0
2023-12-03,700,213,0,0.0,0,6,0,0.0,0,0,0,0,0
2023-12-04,701,236,0,0.0,0,0,0,0.0,0,0,0,0,0
2023-12-05,702,235,0,0.0,0,1,0,0.0,0,0,0,0,0
2023-12-06,703,231,0,0.0,0,2,0,0.0,0,0,0,0,0
2023-12-07,704,241,0,0.0,0,3,0,0.0,0,0,0,0,0
2023-12-08,705,272,0,0.0,0,4,0,0.0,0,0,0,0,0
2023-12-09,706,274,0,0.0,0,5,0,0.0,0,0,0,0,0
2023-12-10,707,211,0,0.0,0,6,0,0.0,0,0,0,0,0
2023-12-11,708,231,0,0.0,0,0,0,0.0,0,0,0,0,0
2023-12-12,709,234,0,0.0,0,1,0,0.0,0,0,0,0,0
2023-12-13,710,245,0,0.0,0,2,0,0.0,0,0,0,0,0
2023-12-14,711,247,0,0.0,0,3,0,0.0,0,0,0,0,0
2023-12-15,712,272,0,0.0,0,4,0,0.0,0,0,0,0,0
2023-12-16,713,274,0,0.0,0,5,0,0.0,0,0,0,0,0
2023-12-17,714,218,0,0.0,0,6,0,0.0,0,0,0,0,0
2023-12-18,715,228,0,0.0,0,0,0,0.0,0,0,0,0,0
2023-12-19,716,225,0,0.0,0,1,0,0.0,0,0,0,0,0
2023-12-20,717,225,0,0.0,0,2,0,0.0,0,0,0,0,0
2023-12-21,718,246,0,0.0,0,3,0,0.0,0,0,0,0,0
2023-12-22,719,263,0,0.0,0,4,0,0.0,0,0,0,0,0
2023-12-23,720,272,0,0.0,0,5,0,0.0,0,0,0,0,0
2023-12-24,721,218,0,0.0,0,6,0,0.0,0,0,0,0,0
2023-12-25,722,239,0,0.0,0,0,0,0.0,0,0,0,0,0
2023-12-26,723,221,0,0.0,0,1,0,0.0,0,0,0,0,0
2023-12-27,724,224,0,0.0,0,2,0,0.0,0,0,0,0,0
2023-12-28,725,234,0,0.0,0,3,0,0.0,0,0,0,0,0
2023-12-29,726,274,0,0.0,0,4,0,0.0,0,0,0,0,0
2023-12-30,727,287,0,0.0,0,5,0,0.0,0,0,0,0,0
2023-12-31,728,230,0,0.0,0,6,0,0.0,0,0,0,0,0
2024-01-01,729,226,0,0.0,0,0,0,0.0,0,0,0,0,0
2024-01-02,730,226,0,0.0,0,1,0,0.0,0,0,0,0,0
