ankomsttid,mellomankomst,betjeningstid
0.046508657982346054,0.046508657982346054,0.0018507718468137972
0.25146841698003863,0.2049597589976926,0.18964369742622306
0.2665212076120189,0.015052790631980282,0.40437128989050597
0.38346400122755253,0.11694279361553364,0.014612633867068849
0.4003567054953639,0.016892704267811372,0.049515001607542575
0.5123743949367977,0.11201768944143384,0.12359486305274597
0.5379108943018931,0.025536499365095406,0.26274893430848495
0.5865319715546073,0.048621077252714244,0.10342027957138877
0.5952296596148674,0.00869768806026005,0.07065931818786182
0.7774341660528464,0.182204506437979,0.07853534388689623
0.792894022205776,0.015459856152929503,0.1163965003549623
1.0254601253449656,0.23256610313918957,0.004477453094284483
1.1812030322135039,0.1557429068685384,0.019417792391378638
1.4972776362045577,0.31607460399105386,0.01544687213283453
1.5365192181074456,0.03924158190288785,0.30587328666686586
1.920197076416909,0.38367785830946327,0.041915552072198416
1.972163217385353,0.051966140968443986,0.055814174682712145
2.392829549681657,0.42066633229630396,0.011610243087032944
2.625829544488704,0.23299999480704683,0.2596993416883805
2.681855976859621,0.05602643237091707,0.08968043874173473
2.871728829265627,0.1898728524060062,0.00024240881506800024
2.9030992942693854,0.0313704650037585,0.14853463527557514
2.9943920770888237,0.0912927828194385,0.011373089108618792
2.998486248126289,0.004094171037465288,0.3507331119960198
3.0183404672816203,0.019854219155331056,0.008686357845442737
3.035108847549307,0.016768380267686612,0.05579977266742664
3.0540149459185137,0.018906098369206797,0.2650440498633094
3.089878948593358,0.035864002674844395,0.002011701985927673
3.1507177389343397,0.060838790340981296,0.22480482921452927
3.236843705385422,0.08612596645108218,0.22922945948073228
3.2663207775557583,0.02947707217033648,0.026508350649360565
3.3481576129063164,0.08183683535055815,0.13334373053572868
3.53793853589074,0.1897809229844232,0.22858694434213855
3.6227886578533326,0.08485012196259276,0.02956665385066705
3.6463929363654506,0.023604278512117945,0.17403370971436227
3.712133702372381,0.06574076600693003,0.041064205504162635
3.7889210139457035,0.07678731157332247,0.044699164769950346
3.789499015694132,0.0005780017484283742,0.04514420012590787
4.083501615686963,0.2940025999928307,0.015171880172102513
4.115786116139807,0.032284500452843964,0.007623843414696539
4.159833497009767,0.04404738086995919,0.17140043472212213
4.306867121481638,0.14703362447187135,0.11157615715821004
4.4994253224358145,0.1925582009541771,0.14645934949151856
4.645026726998814,0.14560140456299892,0.17008341753977346
4.652731111393685,0.007704384394870634,0.020832220473431997
4.920005804313394,0.2672746929197096,0.04769329442682569
5.022566731465764,0.10256092715236917,0.002814848446665591
5.04279999262126,0.020233261155496382,0.06385904955972883
5.102819401770581,0.06001940914932025,0.18069021269819532
5.131928081761952,0.029108679991371667,0.10287071719869575
5.323831306827726,0.1919032250657739,0.04335481242020598
5.337132865894321,0.013301559066594852,0.015000973636607448
5.424728897401287,0.0875960315069658,0.1704433653422976
5.524224671585155,0.09949577418386839,0.030592852887830757
5.590505289023575,0.06628061743842022,0.024060272598760965
5.683248680568486,0.0927433915449103,0.011600103595948003
5.772508772559901,0.08926009199141477,0.10468444459902829
6.106855044552732,0.334346271992831,0.005266187794194071
6.10978217720134,0.0029271326486085686,0.19648269944756558
6.416638794536469,0.30685661733512903,0.0017380186638186069
6.571238691187912,0.15459989665144297,0.026468512779093817
6.600311729937287,0.029073038749374357,0.06443001106016216
6.814120081860707,0.21380835192341965,0.09056542603208113
7.151456976221951,0.3373368943612442,0.14682540661925636
7.212726304283564,0.06126932806161252,0.06530577625814168
7.27178589071332,0.05905958642975714,0.03196497119057911
7.449695458643125,0.1779095679298052,0.12696773254420995
7.486216341977446,0.03652088333432107,0.0031271274375526893
7.613063821448313,0.1268474794708669,0.13758387707537978
7.964645800433008,0.35158197898469457,0.1764717695316851
8.297933121155857,0.33328732072284917,0.06897005985468332
8.450912253750534,0.15297913259467594,0.06179182859010253
8.492643149592256,0.04173089584172259,0.04442258437980362
8.49780094642662,0.005157796834364345,0.04430081506452497
8.522073513422704,0.02427256699608371,0.07827927519519057
8.524361540251899,0.0022880268291948897,0.03367944016175728
8.772976375232384,0.24861483498048398,0.20760435244447561
8.78358021660835,0.010603841375965574,0.06009772521074355
8.844109577147874,0.06052936053952423,0.004079184949231358
8.978427982891104,0.13431840574322884,0.20086865806047177
9.048763362027788,0.07033537913668535,0.0792116062954733
9.112965505250518,0.06420214322273017,0.0342071409271328
9.197291100484655,0.08432559523413818,0.09926429780501714
9.687658668723651,0.4903675682389963,0.09275420041781193
9.778416608348762,0.09075793962510956,0.031206388413089085
10.034008238127285,0.2555916297785236,0.015727812287957756
10.489301468983092,0.45529323085580614,0.005207512968460946
10.518176392574915,0.028874923591822765,0.11819428321857181
10.67214801754051,0.1539716249655936,0.11017176920085982
10.68175294052238,0.009604922981870868,0.06848096224785194
10.761601837394142,0.07984889687176323,0.10080823965109006
11.08406868073642,0.32246684334227743,0.009615984657072309
11.176054506052449,0.09198582531602746,0.09707852097061717
11.28415203194726,0.10809752589481159,0.021566462429347222
11.287330196639278,0.003178164692019058,0.24881193389148007
11.498165679560326,0.21083548292104798,0.19076972854743246
11.584700626009065,0.08653494644873759,0.04508463091851904
11.919591431167934,0.3348908051588686,0.011219058295363758
11.96434652389164,0.04475509272370638,0.12960384575518516
12.075977332447298,0.11163080855565868,0.17995798318224235
12.241868509201185,0.1658911767538862,0.0747408811510934
12.258036097383236,0.016167588182051693,0.08653013485700424
12.461952814060384,0.20391671667714656,0.0409729449662537
12.547316909573457,0.08536409551307281,0.12249191682081018
12.603347995568992,0.05603108599553473,0.0034827910059003217
12.67629963900945,0.07295164344045821,0.1340993036558275
12.743540133305839,0.0672404942963879,0.001546108680784285
12.877122490592738,0.13358235728689846,0.022615837917945653
13.036112002465043,0.15898951187230534,0.11687521495717049
13.323051674013122,0.2869396715480802,0.012983995891053375
13.422615498653645,0.09956382464052316,0.008270107213317602
13.444420402670128,0.021804904016481785,0.25191419092378126
13.450680642942416,0.006260240272287611,0.129805815942844
13.58896218307651,0.13828154013409444,0.07842859423799911
13.609884682694082,0.020922499617571817,0.035677991496274965
13.664067597591135,0.05418291489705333,0.04185055383014414
13.700950796465822,0.03688319887468642,0.25665825737881376
13.819391593918205,0.11844079745238288,0.007950161121058324
13.89242947760964,0.07303788369143539,0.05921553667836233
14.403207462051338,0.5107779844416978,0.05153901568905848
14.417245597616011,0.01403813556467378,0.1312394068762476
14.536148780804895,0.1189031831888839,0.15751781393612016
14.563657250014582,0.02750846920968635,0.03770466632317833
14.750013479152033,0.18635622913744998,0.034080657705796484
14.836099326019365,0.08608584686733321,0.07645803990294599
15.31689558881865,0.4807962627992849,0.036945230807904905
15.459845350692195,0.142949761873546,0.0693886613951999
15.512926095858209,0.053080745166013785,0.12613393677368007
15.518115107883087,0.005189012024878541,0.10573271412882153
15.615012783080903,0.09689767519781581,0.12830953009619894
15.77948750756383,0.1644747244829276,0.15695826311121366
16.223991662655827,0.44450415509199764,0.18887828363754527
16.298891420364523,0.07489975770869725,0.07670290777255476
16.48777129822443,0.1888798778599081,0.031157588781772043
16.51168551855279,0.023914220328362185,0.11555681577902396
16.626354747828884,0.1146692292760911,0.025934926865956068
16.941876883489805,0.3155221356609209,0.0015519119172044114
16.942434512829458,0.0005576293396519112,0.03175237851987183
17.254454143779476,0.3120196309500182,0.23995837375157208
17.531748723113953,0.2772945793344784,0.05207918255887686
17.655453166015675,0.12370444290172079,0.059811943960893815
17.67521420911954,0.019761043103866237,0.03485257426362402
17.708867571515466,0.03365336239592263,0.01508674628419074
17.834969432260014,0.126101860744548,0.13982533790729554
17.86342946577416,0.02846003351414568,0.1558497154539123
17.956925282588884,0.09349581681472242,0.10214774417341782
18.152468676506203,0.1955433939173205,0.00858197403338336
18.27955950496387,0.12709082845766645,0.10187723016282758
18.371827854482138,0.09226834951826746,0.08822097028844267
18.42760463978796,0.05577678530581968,0.27085339253761453
18.560302105104434,0.13269746531647714,0.116033664578711
18.931444859397917,0.3711427542934843,0.01549753765949615
19.31862443058707,0.38717957118915336,0.029659787550136138
19.455979632713653,0.13735520212658162,0.24670956683416084
19.57427677444192,0.11829714172826827,0.08563121175327532
20.159979474443524,0.5857027000016054,0.18861350501264135
20.294668530805904,0.13468905636237874,0.0616035220712845
20.753673212204134,0.459004681398232,0.4347359881537834
20.81284341519895,0.059170202994817685,0.145992262548701
20.92403967381955,0.11119625862059916,0.033246096680973294
21.234956433967678,0.31091676014812936,0.004606562259546197
21.356261086534115,0.12130465256643692,0.03845007893306147
21.71103425819119,0.3547731716570746,0.072450012220484
21.806426891903826,0.09539263371263586,0.21702316026358484
22.247720104634002,0.441293212730178,0.02409541758176821
22.32706035777842,0.07934025314441907,0.02668651776283315
22.408764691820053,0.08170433404163266,0.05217625741724225
22.485026761670035,0.07626206984998007,0.10331615698215507
22.60716529660075,0.12213853493071745,0.027364745174254246
22.60991290189771,0.002747605296961063,0.07401042295516773
22.61398803869214,0.004075136794425271,0.12333513443713295
22.91485410840754,0.30086606971540236,0.19286476799137103
23.098519055888598,0.18366494748105783,0.010462955222760698
23.232392231147045,0.13387317525844764,0.13552075677912118
23.503394386501597,0.271002155354552,0.02775620560345363
23.504134787293953,0.0007404007923556307,0.04869745510353977
23.52327303730999,0.01913825001603659,0.0284606992175136
23.611316727258107,0.0880436899481166,0.094849966411412
23.967294515414135,0.35597778815602993,0.1103517860298662
24.47422557205941,0.5069310566452754,0.04260381971100452
24.58474637048464,0.11052079842523167,0.07283068824769101
24.680033382530485,0.09528701204584407,0.11770198586566563
24.903328001188388,0.22329461865790265,0.05258255349710684
24.93158265392736,0.0282546527389712,0.13535070276539019
24.96848747498084,0.03690482105347985,0.01323249121281862
25.21301407812959,0.24452660314875005,0.01913715165568974
25.275340369554595,0.06232629142500616,0.14431657132841422
25.67778569463384,0.402445325079244,0.0802254800946059
25.838870695460596,0.16108500082675534,0.07044961565921029
26.01181287570083,0.17294218024023453,0.12737523050334368
26.015886409958213,0.004073534257382009,0.05817114532833171
26.091180254890656,0.07529384493244175,0.05941978466148976
26.27628966006054,0.18510940516988664,0.0069183978101104064
26.298889880027573,0.022600219967033434,0.4173011954656256
26.32050402138825,0.02161414136067592,0.028576196185458095
26.365139934740398,0.04463591335214884,0.003181868887110196
26.370257646642642,0.005117711902244252,0.07203999966784692
26.426506591457162,0.05624894481451857,0.0033878334121722423
26.59193676722421,0.16543017576704908,0.04256610775384945
26.789527521240014,0.19759075401580367,0.030075650770993313
26.84565344071189,0.05612591947187331,0.12402859676397798
27.17016093599652,0.3245074952846308,0.01028023246258829
27.2734639158132,0.10330297981668007,0.10213218169654326
27.28108522303545,0.007621307222252425,0.0650006190591784
27.401468147023408,0.12038292398795909,0.03408408712829868
27.575439863399346,0.17397171637593928,0.04067705042347043
27.58829457710777,0.012854713708424932,0.0032579362764351824
27.980763375465575,0.39246879835780396,0.09531145155130219
28.249503361123693,0.2687399856581199,0.01645902131457241
28.566133821990643,0.3166304608669501,0.4215507922995723
29.115357276141605,0.5492234541509603,0.005140922670695467
29.218763008199,0.10340573205739616,0.0002485305196024735
29.23124008052733,0.012477072328325569,0.03460386467319145
29.50400327688606,0.27276319635873103,0.4400508506004609
30.1678706323557,0.6638673554696397,0.014056549790457513
30.315699900745805,0.147829268390104,0.03129226968933588
30.357851354638854,0.04215145389304814,0.1730599022408064
30.429252578737856,0.0714012240990026,0.019974840052927604
30.70399766748708,0.27474508874922365,0.09299265713687578
30.741129994509794,0.03713232702271586,0.3022366523563002
30.745947476536923,0.004817482027129216,0.15254637612187508
30.78430773890616,0.0383602623692396,0.2320360480363332
31.644196584391146,0.8598888454849857,0.09776871046432353
31.73318792886621,0.08899134447506449,0.22826345827664832
31.879421726413334,0.14623379754712088,0.04968043350004152
31.980896840780098,0.10147511436676551,0.10828705946676292
32.04048382626589,0.05958698548579509,0.041888796683480146
32.17274325330473,0.13225942703884203,0.055403615959338084
32.26046676303415,0.08772350972942033,0.0032915440984063937
32.45441204758057,0.19394528454641513,0.04171072394928359
32.607341283057586,0.1529292354770201,0.0028035212996424643
32.66323156513015,0.05589028207256277,0.4548147824997204
32.6989513680592,0.035719802929048965,0.0001292783536052084
32.95133110854066,0.25237974048146167,0.035400459102250675
33.717382610145165,0.7660515016045082,0.002053486704017248
33.73212785155243,0.014745241407261266,0.08862355531811045
33.819662877553114,0.08753502600068341,0.10063641198677706
33.88982128391381,0.07015840636069799,0.04097947964049148
33.924441493912376,0.03462020999856695,0.040304436110745016
34.075286029160466,0.15084453524809235,0.1464061786953112
34.1181678361158,0.04288180695533579,0.07154321319752008
34.19942326222387,0.08125542610806805,0.12120575841589376
34.457619388079365,0.2581961258555014,0.06299165369312298
34.64365995187351,0.18604056379414505,0.07887041865184272
34.66579811152757,0.022138159654060793,0.07233820563588278
34.70276736089556,0.03696924936798146,0.026444134365284776
34.750917006841455,0.04814964594590118,0.009659926556090982
34.7819062031884,0.03098919634694304,0.02567985244586084
34.820431734155605,0.03852553096720654,0.002714127894422375
34.90773815738694,0.08730642323133275,0.020898861402531714
34.96857159319069,0.060833435803749794,0.013892445368440628
35.00255570914959,0.03398411595890438,0.03799149897791209
35.2364592971566,0.233903588007008,0.15488583128381522
35.275422042263834,0.03896274510723381,0.04306717094971242
35.72101131387524,0.44558927161140716,0.002935424152420726
35.85198573183672,0.13097441796148548,0.003999738162705123
35.88143848197451,0.029452750137792357,0.02413204905942321
35.88768219484666,0.006243712872146529,0.01165107011395527
35.947293846472114,0.059611651625449326,0.14157232086602078
36.007025405483525,0.059731559011410584,0.15080568897710972
36.07189098745737,0.06486558197384955,0.22094240135456394
36.18183473120009,0.10994374374271997,0.06840811403377745
36.26701989248482,0.08518516128472357,0.0050234888505499235
36.28627740019145,0.01925750770663141,0.026770885954555904
36.47363077771345,0.1873533775220038,0.005212730123846377
36.5936216041963,0.11999082648284891,0.004266553427919302
36.726388783683525,0.13276717948722638,0.07946885881121858
36.727854147873266,0.0014653641897429506,0.054818241355031896
36.990782418323995,0.26292827045072736,0.08319518668689854
37.03886572101979,0.04808330269579684,0.02046138417639212
37.048029154197415,0.00916343317762965,0.00019088359606076155
37.318482106277735,0.2704529520803216,0.09769191742480722
37.33928435008659,0.02080224380885449,0.04155531227810254
37.44295909260719,0.10367474252060357,0.0530441610123531
37.555291880312616,0.11233278770542669,0.0016235988987606178
37.63302586603871,0.07773398572609234,0.019922742518228773
37.94124534968727,0.3082194836485647,0.07860026068997289
38.0414234591645,0.10017810947722809,0.09496586362071319
38.30142822886903,0.2600047697045306,0.055871067988026574
38.41267646445431,0.11124823558527798,0.05540387754171809
38.43919856251881,0.02652209806450556,0.048258103779558054
38.64473356605716,0.2055350035383535,0.08679573957944267
39.056150283922214,0.4114167178650528,0.16105313079427294
39.12941462206235,0.07326433814013113,0.015229270890509228
39.20013818823917,0.07072356617682289,0.07037162640458605
39.252540196239046,0.05240200799987379,0.009606208755569182
39.3344040210482,0.08186382480915304,0.06757710073168492
39.857996066199966,0.5235920451517677,0.05120054503343517
39.9908022294449,0.13280616324493347,0.04267072944986445
40.05502080134736,0.06421857190246116,0.16381874691547044
40.15117372845024,0.09615292710287507,0.029994725803670273
40.16009397480885,0.008920246358614641,0.20130206060049594
40.264194613188465,0.10410063837961465,0.1946997759851954
40.29355651207802,0.029361898889557637,0.048115377643271715
40.30607142189128,0.012514909813263655,0.10901592675863508
40.61749723477265,0.3114258128813693,0.06966523402246935
40.70303660905647,0.08553937428381882,0.05411546326066323
40.81619574374629,0.11315913468982147,0.033799822337698834
40.82293947383911,0.006743730092816121,0.1330043555070901
40.82544600100477,0.0025065271656655444,0.006560496675166257
40.91809835000512,0.09265234900034673,0.07997355928571784
40.96985274243674,0.05175439243162376,0.17729956037033182
40.97180119792151,0.0019484554847659956,0.023868194414586
41.305946012033914,0.3341448141124061,0.19807505041151935
41.344940401366,0.03899438933208735,0.2241217900799069
41.422908292383845,0.0779678910178417,0.07891332398045768
41.64952783074449,0.22661953836064197,0.08780209159860894
41.72712796330314,0.07760013255865114,0.05336918493599875
41.86493845659297,0.1378104932898257,0.10183562789614559
41.93070971412341,0.06577125753044055,0.007977037361857856
41.951653912983986,0.02094419886057769,0.025932720662838582
42.230013136853806,0.2783592238698181,0.007253997123483123
42.27299808564799,0.042984948794187725,0.055453903178757404
42.49708578554858,0.22408769990058527,0.01577168196403608
42.954166215492336,0.45708042994375514,0.015071059463363252
43.16970988446475,0.21554366897241833,0.03661032665198717
43.379710051377415,0.21000016691266452,0.34090861819694057
43.4000017671243,0.020291715746889556,0.01709971027220035
43.421253322684045,0.02125155555974542,0.03869683388473075
43.45311320952196,0.031859886837916615,0.012369188079986397
43.46290749487795,0.009794285355993172,0.055852194390166074
43.58450600111802,0.12159850624007129,0.004861397096862314
43.64483195379542,0.06032595267739519,0.186292071242278
43.65495586310901,0.010123909313591426,0.10313570989503235
43.78104271470489,0.12608685159588062,0.07119357884142309
44.02509036530308,0.24404765059818787,0.0018953189433952209
44.0443940382259,0.01930367292282654,0.0011834700315768538
44.151686569586865,0.10729253136096135,0.05973576923874535
44.20622147036683,0.054534900779960566,0.03738170566647418
44.23651932710776,0.030297856740930586,0.052359950913132516
44.85885710967859,0.6223377825708329,0.026533919755992248
44.96475281680193,0.10589570712334605,0.058920844557857954
45.045988877784836,0.0812360609828999,0.07972576815486812
45.168428468894184,0.12243959110934872,0.08843694356493109
45.20383584275632,0.035407373862135626,0.019030554466340138
45.30777558202524,0.10393973926892376,0.03630232187671879
45.50503482176262,0.19725923973737491,0.07571546709800109
45.528619572760995,0.023584750998371578,0.043607383887436665
45.74999561610557,0.22137604334457955,0.09231337643556156
45.816349073926844,0.0663534578212743,0.0781481422860279
45.879182807397406,0.06283373347056002,0.08250028900559517
45.90159348453301,0.022410677135603,0.025042504142818937
46.04353378118698,0.14194029665397329,0.0014061498832721637
46.14303792176397,0.09950414057698721,0.040118899551222484
46.17481751016335,0.031779588399382865,0.028899022291048883
46.48894456604378,0.3141270558804295,0.0003747750503518977
46.59118425750903,0.10223969146525141,0.004445254002430539
46.711310511622465,0.12012625411343764,0.02437372660294891
46.809723153182745,0.09841264156028035,0.06658278918526404
46.9083614171087,0.09863826392595289,0.11744946395242509
46.96611361890462,0.057752201795918584,0.15048462871890003
47.15055583708375,0.1844422181791295,0.006503962036524322
47.21146646270829,0.06091062562453336,0.0038292872775730026
47.439380553974395,0.22791409126611004,0.19823325060014407
47.464759028522145,0.025378474547747994,0.007840443727819613
47.5797459750546,0.11498694653245636,0.04827471076983107
47.9313780796725,0.35163210461790095,0.13047758813612784
47.99241981085687,0.061041731184377265,0.2522879367063747
48.055499284389064,0.06307947353219154,0.024618771895927097
48.11439308106015,0.058893796671085234,0.02499574307141445
48.172288689155835,0.05789560809568274,0.08651780547446637
48.45452453772002,0.28223584856418227,0.006292688604565299
48.63609744678482,0.18157290906480059,0.033348493645827496
48.63693558152782,0.0008381347430080111,0.11700929444792113
48.67628210900364,0.03934652747581542,0.19089119025442097
48.701405775546746,0.025123666543112707,0.0244788908686443
48.82951427344748,0.12810849790073112,0.04749879420586439
48.87620141411853,0.04668714067105537,0.028176302824093922
48.937310544592606,0.061109130474074146,0.0860188771476701
49.02508244075278,0.08777189616018011,0.10044130177454128
49.077584958794596,0.052502518041810116,0.022275481480332947
49.08067510669691,0.0030901479023116743,0.1031887478334217
49.16044311837651,0.07976801167960304,0.003752180871983715
49.316124929078654,0.15568181070214288,0.028592564414839115
49.39098382766247,0.07485889858380933,0.1530577097795843
49.4472311287405,0.056247301078030325,0.07587689633091718
49.47029529934157,0.023064170601073766,0.06660190882047734
49.6924449022951,0.2221496029535286,0.05571478449487786
49.704904880539345,0.012459978244242076,0.03413516779702487
49.7149090377972,0.010004157257850858,0.06916559513016692
49.918819744169504,0.20391070637230752,0.01603322058354388
50.129692139796035,0.2108723956265324,0.2105742579473986
50.47007470925683,0.34038256946079354,0.0005746609615414118
50.88753713697246,0.41746242771563696,0.0263649412534053
50.89735183040008,0.009814693427623027,0.0942397024221451
50.99744470941923,0.10009287901914464,0.23312468915626364
51.01985902384352,0.022414314424296918,0.0358295635964753
51.06885544603613,0.048996422192608656,0.3008814403971959
51.270528149067594,0.20167270303146512,0.15190831022481016
51.36226248032292,0.09173433125532747,0.04574250458330884
51.904435414888674,0.5421729345657543,0.02868430539996849
51.90698767800936,0.002552263120680573,0.2247672907949893
51.943218752201986,0.0362310741926304,0.13935809725327386
51.943531668384615,0.0003129161826272425,0.10738604082345517
52.45415952700657,0.5106278586219524,0.0016359528657059858
52.585893189808495,0.1317336628019244,0.1659040488757626
52.79078944324441,0.20489625343591092,0.11654723434327616
52.797164445283535,0.006375002039126325,0.010591784072941268
52.9272675248883,0.1301030796047636,0.07788622735026055
52.97507745142747,0.047809926539165076,0.03860246969165841
52.98077344343162,0.00569599200415789,0.02767090917158498
53.07111540480196,0.09034196137033844,0.010798376277379203
53.12191048414747,0.05079507934551089,0.07329018925369908
53.2331818164826,0.11127133233512838,0.050412916586562585
53.42950962716872,0.19632781068611752,0.13918442235135087
53.470060082808985,0.04055045564026264,0.007215879304596103
53.531855664701155,0.06179558189217283,0.024060229885359014
53.80180820655701,0.2699525418558558,0.001310674257716402
54.05765788105412,0.25584967449710727,0.014873965644566473
54.109999422282684,0.05234154122856286,0.17891743082471673
54.329318980927646,0.2193195586449639,0.05624046825006225
54.39524737872825,0.06592839780060197,0.05029953972535081
54.413049488761835,0.017802110033587868,0.10687952606069134
54.729283847891274,0.31623435912943815,0.058900830470636364
54.88935228006732,0.16006843217605035,0.19751284332790534
54.989038009179495,0.09968572911217759,0.11983884118724672
55.259694802246194,0.27065679306669765,0.04285466868016203
55.50945894179364,0.2497641395474449,0.03370841681147556
55.6910939956252,0.18163505383156672,0.15402953331540978
55.802820810898645,0.11172681527344112,0.00677575170177345
55.94371734409326,0.1408965331946154,0.004453075234467939
56.84988649165944,0.906169147566184,0.03654803452794031
57.011075904642816,0.1611894129833783,0.06659059880147196
57.038647535412736,0.027571630769916998,0.008410509707422218
57.12686714050215,0.08821960508941319,0.08559607507221034
57.228641666065926,0.1017745255637755,0.44415343744971053
57.32631195862553,0.09767029255960782,0.0036766598974354364
57.33475530613111,0.008443347505578251,0.03408312087171311
57.5050829049477,0.17032759881659038,0.0167960345462539
57.55035502408942,0.04527211914172225,0.11884576459984394
57.55337565387035,0.00302062978092737,0.16161809945554603
57.73845438290527,0.18507872903491807,0.047498792903149886
57.81121177098742,0.07275738808214943,0.17498631905893414
57.853707668562606,0.042495897575185605,0.02887788701736428
58.052856460405266,0.1991487918426581,0.0060820302520305045
58.219158490078904,0.16630202967363517,0.013752515912567317
58.22311964619851,0.003961156119610302,0.07591888852579232
58.26678321113805,0.04366356493953818,0.14476313490412387
58.73946272725099,0.4726795161129381,0.03875660208653508
58.754993724350854,0.015530997099863964,0.08598230530404466
58.775787770745616,0.020794046394762428,0.023450152532336278
59.36789772745391,0.5921099567082887,0.48757669427024264
59.37244245941801,0.004544731964101034,0.011352286941911191
59.4832271692612,0.11078470984318492,0.013381946245136393
59.70344064233285,0.2202134730716524,0.06045354946795124
59.747726189621034,0.04428554728818301,0.044795673642856415
59.75022455812837,0.0024983685073392123,0.06875694596965774
59.901049350853306,0.15082479272492938,0.08969357388073834
59.95200021466871,0.0509508638154021,0.055278517205699415
60.021087542761876,0.06908732809316674,0.1481565962442804
60.06436456220506,0.04327701944317858,0.18448039187467669
60.10504547905578,0.040680916850728346,0.027304734489325834
60.341106022197025,0.2360605431412419,0.07729109656692425
60.37043345237821,0.029327430181182366,0.17799974846242106
60.42895801527434,0.05852456289612932,0.08280962576623516
60.44728698335343,0.018328968079087238,0.009371587126596968
60.63356241029181,0.18627542693838067,0.2453218013135534
60.73335834090979,0.09979593061798106,0.09709371862462712
60.93573106951632,0.20237272860653316,0.050455767796523485
60.97966241568874,0.043931346172424245,0.01058424084095576
61.07668717079062,0.09702475510187843,0.11229692007081174
61.44764094325794,0.3709537724673169,0.006784059876903474
61.85291802084279,0.4052770775848552,0.09993676851168123
61.871406629338225,0.01848860849543445,0.4554678958639767
61.8971692406271,0.02576261128887331,0.14383450821739455
61.994804024008836,0.09763478338173669,0.07708072271471161
62.02082247518156,0.02601845117272236,0.06547757336178717
62.16352519195989,0.14270271677833135,0.16623159380402033
62.23244695044202,0.0689217584821266,0.06110565550557656
62.33870831147348,0.10626136103146522,0.0011880269435321405
62.37867621384287,0.039967902369388394,0.005116963347794281
62.3916407498397,0.012964535996826962,0.15572558883444387
62.55243018097857,0.16078943113886943,0.005129635088014822
62.57038530174045,0.017955120761881785,0.022662333428550552
62.764177927562855,0.19379262582240717,0.11969303449948243
62.772120758834916,0.007942831272063786,0.04212150555671085
62.8491872951614,0.07706653632648484,0.0008729174184065143
62.88734830740075,0.03816101223934953,0.18326763013011188
62.91629151429217,0.028943206891417744,0.10498732284825053
62.92170313898021,0.005411624688041446,0.05775880272879883
62.93485574298111,0.013152604000892647,0.12466899191878356
62.95221342912471,0.017357686143602502,0.045834530389485185
63.06415393140853,0.11194050228382024,0.3326532737920406
63.096519395913575,0.03236546450503802,0.024303277622701062
63.280619362014086,0.184099966100512,0.07195957358579061
63.429915606409274,0.1492962443951875,0.005360251650407179
63.659512224509875,0.22959661810060408,0.18028108605518123
63.923635833340235,0.26412360883036073,0.12079770455734548
64.15899057691671,0.23535474357647151,0.16289940863482083
64.26553090835408,0.10654033143737031,0.16912896116576384
64.30505167057414,0.03952076222005829,0.2059686485104633
64.31639118610116,0.011339515527011724,0.015855490894120597
64.32631445485075,0.00992326874958392,0.0077545215977758136
64.40157866996567,0.07526421511492183,0.0013200868341626982
64.45310784713054,0.05152917716486611,0.006167719990442019
64.59855584249402,0.14544799536347616,0.09736103114370265
64.60358180755438,0.00502596506035663,0.0065165179187681626
65.11214645710284,0.5085646495484671,0.0333515965277118
65.27706170629338,0.1649152491905406,0.05012773669646625
65.28474978442766,0.007688078134286301,0.019217377752698037
65.42356016923013,0.13881038480246366,0.08813214132174786
65.46339833980227,0.03983817057214098,0.025450389023217185
65.48290590136519,0.01950756156291148,0.18999782158871995
65.96387637456353,0.48097047319833824,0.016877238418117682
66.22564626270534,0.26176988814181723,0.3191032580207548
66.25778441947543,0.03213815677008876,0.297008686888384
66.35729799455447,0.09951357507904522,0.0048201270139453765
66.36726543136781,0.00996743681334578,0.12650606758233834
66.38289605060264,0.015630619234833214,0.0651217660770271
66.52915956608476,0.14626351548212155,0.0606071893836784
66.58700357655297,0.05784401046821164,0.08055244580959509
66.79360252314602,0.206598946593052,0.021427893554775826
66.80310247883433,0.009499955688318493,0.035615852834907036
67.01280324810851,0.209700769274181,0.044305405442988804
67.10897852880355,0.09617528069504244,0.11577214249508119
67.571699483116,0.4627209543124625,0.053033516976247176
67.59878272102591,0.02708323790990585,0.1328600549894577
67.65448573761569,0.055703016589774286,0.1101624067210529
67.6840716077315,0.02958587011581402,0.10580769032742737
67.69280612061608,0.00873451288458734,0.07684677283163635
67.69733431409155,0.004528193475464616,0.04539802370453984
67.75287536845984,0.05554105436829237,0.025949760753419666
67.89582868771913,0.14295331925928456,0.19503440428750232
68.01757698909888,0.1217483013797545,0.15443493184829127
68.24624177568484,0.22866478658595266,0.38861738594249995
68.25380075687637,0.007558981191533051,0.0009370478553713238
68.42383164059048,0.1700308837141034,0.018727965880844886
68.51522533598927,0.09139369539879151,0.3142807323944699
68.5757788109129,0.060553474923620745,0.21996494767921262
68.74272777899624,0.16694896808334522,0.011921832336023997
68.76548380370173,0.022756024705491214,0.007963422637153238
68.76849987391228,0.0030160702105495223,0.23786404386298915
68.84030696647991,0.07180709256763633,0.004829350638068503
68.99596656660893,0.1556596001290075,0.014478849337475919
69.06165415426891,0.06568758765998374,0.06647368501231216
69.47571776600891,0.41406361174000167,0.12696899498862424
69.52396564608588,0.04824788007696899,0.07431972270339827
69.5683643342231,0.044398688137220005,0.09674822415390918
69.60922911435402,0.040864780130915476,0.014911665878121707
69.6226967744254,0.013467660071388204,0.10785038990570542
69.7306958839514,0.1079991095259898,0.0005717713303464517
69.94094538714278,0.2102495031913721,0.12320185065474533
70.0807163741984,0.1397709870556253,0.05488944996902839
70.08156227873184,0.0008459045334288189,0.02923422716191853
70.13051202398816,0.048949745256317234,0.1794826556864671
70.14074586425347,0.010233840265320456,0.09026750053751809
70.14201566498376,0.0012698007302823769,0.20350821408659175
70.14585686039989,0.003841195416122545,0.01192528836251627
70.24474416476706,0.09888730436717319,0.07116644930405355
70.35782341181448,0.11307924704742037,0.1465034025749847
70.42770241440056,0.06987900258608215,0.1026004401049675
70.47523986235255,0.047537447951992495,0.07021463091308225
70.62273894773469,0.14749908538213607,0.03210277668967365
70.80671837613288,0.18397942839819187,0.32631393893281657
70.83873032585,0.03201194971711046,0.06672712364738659
70.8511657282301,0.012435402380106637,0.157662982973726
70.85590952538861,0.004743797158511072,0.1328978445618912
71.13500942406715,0.27909989867853296,0.10841506577779993
71.13728371104736,0.0022742869802154664,0.15717074929522812
71.69719614848842,0.5599124374410581,0.06101711385013709
71.70562349735259,0.008427348864177491,0.06959455192548306
71.95164347798001,0.24601998062742697,0.0995621401665576
72.42879122622423,0.4771477482442143,0.06189817979013465
72.4616193602543,0.032828134030073536,0.02128530877890782
72.71411296199143,0.25249360173712654,0.10002530414533745
72.73296475125287,0.01885178926142617,0.013615439811232973
72.73991702302023,0.006952271767357318,0.0986091800449038
72.80680932509763,0.06689230207741166,0.14255759719141473
72.81310410006071,0.006294774963079756,0.004840233180387631
72.89115739652135,0.07805329646063665,0.08920893395566622
72.91302881630041,0.021871419779066807,0.08234781821078681
73.02561717262981,0.11258835632939393,0.055463324909436715
73.2195949659141,0.19397779328428316,0.18127087873139208
73.26754185471904,0.04794688880494603,0.008362775849025601
73.33322113816368,0.0656792834446316,0.052181781906687374
73.42539061101768,0.09216947285399656,0.16175753490240158
74.32158044952966,0.896189838511988,0.0033373653389658113
74.38396381652292,0.06238336699325706,0.07255390428148226
74.6523999182127,0.2684361016897758,0.014926445026896171
74.86043081336238,0.2080308951496961,0.28281059612107795
74.98748910603456,0.12705829267216884,0.05801146691861407
75.08755261882368,0.10006351278911335,0.0901978789154832
75.23323269228575,0.14568007346207487,0.12617156410669045
75.27033544501592,0.03710275273016685,0.029113352140463792
75.40213950587871,0.13180406086279353,0.04684977855217879
75.60897798459169,0.20683847871297564,0.008123591311980646
75.68211817779998,0.07314019320828503,0.009044999493829059
76.08662735348123,0.4045091756812578,0.03545653054489016
76.21238999377874,0.12576264029751402,0.002177284991060187
76.35015771921374,0.13776772543499904,0.03475268780583733
76.50525698223724,0.15509926302350405,0.08132038287089757
77.0647452415593,0.5594882593220581,0.09107949638995846
77.09220658106324,0.0274613395039491,0.14609309609612456
77.36868193669432,0.2764753556310773,0.25447722283876734
77.4191083364387,0.05042639974438495,0.0019195966031138542
77.45027201636553,0.03116367992684033,0.30045807336846975
77.52077233048935,0.0705003141238155,0.13640424205045631
77.60264799702517,0.08187566653582123,0.054113700051683686
77.78108756801576,0.17843957099058597,0.0076446318132633835
77.9714246973505,0.19033712933474076,0.12290887754470523
78.08626510686148,0.11484040951098247,0.018482905444304417
78.11532965309831,0.029064546236844322,0.014514966276002331
78.18148542801461,0.06615577491629195,0.004545365546410939
78.26173017272997,0.08024474471535731,0.0025493271728173348
78.33147840410594,0.0697482313759686,0.48760075268936337
78.40697649512045,0.07549809101450992,0.09507882300141425
78.59475318690774,0.18777669178728518,0.023633750077791813
78.64020024627142,0.045447059363674665,0.008491799415526274
78.66111532881612,0.020915082544702788,0.2232749313903029
78.75720645199497,0.09609112317884481,0.09347393519180955
79.29277942513592,0.5355729731409421,0.16474183539876489
79.48488686502444,0.1921074398885141,0.02552079615272178
79.60655057451022,0.12166370948578614,0.0779187056498283
79.61885217935192,0.012301604841701246,0.12192438703120842
79.68401403694054,0.06516185758861695,0.136075234307619
79.7426646715253,0.05865063458477065,0.06165614538533782
79.8992118765879,0.15654720506259287,0.01002030836494197
79.90314476531711,0.0039328887292147665,0.05823562235080366
80.08540534057813,0.1822605752610285,0.1465073506469755
80.19670832593671,0.11130298535858198,0.0714467899848296
80.2660809073674,0.0693725814306865,0.0054951990785354204
80.42096693726992,0.15488602990253134,0.031062900308958363
80.46465423236127,0.043687295091344384,0.12463951286890358
80.53310204703749,0.06844781467622273,0.019405396060099046
80.60418226549687,0.0710802184593875,0.10739093484067544
80.89691548000374,0.292733214506869,0.08290421524654995
80.96799458759388,0.07107910759013353,0.22670630316972928
80.99166934321889,0.02367475562500267,0.31174356728213626
80.99914946493021,0.007480121711325162,0.024163914859215714
81.12528576037539,0.12613629544517477,0.002901203862044754
81.31206148022709,0.18677571985169222,0.22160733618501632
81.42974756825352,0.11768608802643724,0.09162688901992705
81.68889423700075,0.2591466687472412,0.009253153070951082
81.68889466458711,4.2758635623437645e-07,0.15041118211553828
81.74221763461011,0.05332297002300258,0.08524402072766053
82.33994413933546,0.5977265047253486,0.10959434988351953
82.47828627903175,0.1383421396962941,0.029740083043072185
82.77965689029521,0.30137061126346726,0.11251638553816724
82.84064382428382,0.06098693398860192,0.042982219557118104
83.025773700218,0.1851298759341745,0.07331305945439076
83.22229075008242,0.19651704986442198,0.05881576527319707
83.23717570439949,0.014884954317069096,0.12097516530737591
83.36995876389591,0.13278305949642003,0.10052468619441936
83.38048548545187,0.010526721555961592,0.21444298883962434
83.44797579812074,0.06749031266886235,0.1245482920719548
83.64996228445457,0.20198648633384075,0.09511991055348264
83.77270943664942,0.12274715219484214,0.029880721807844877
83.93773524554507,0.1650258088956447,0.009392180446629424
83.96305396374115,0.025318718196070063,0.021989196675771094
84.22377687878841,0.26072291504727435,0.0982893754207599
84.27381255304576,0.05003567425734679,0.06213678161902744
84.37892975876514,0.10511720571938063,0.2941218339915846
84.4069478007642,0.02801804199906556,0.08708938274399713
84.50126170439813,0.09431390363393109,0.1184275499041979
84.7200367303186,0.21877502592046896,0.15811976899890856
84.78452271327761,0.0644859829590066,0.08474921607567938
84.78818853787097,0.003665824593356796,0.01681481281190345
85.02802209551122,0.23983355764025371,0.0071412370880261766
85.1063522790028,0.07833018349158641,0.014747267225531548
85.14987861898976,0.04352633998696026,0.014315579561231525
85.16876169303087,0.01888307404111646,0.31325608567839835
85.17268952741745,0.003927834386578827,0.06840824625211699
85.27828988126002,0.10560035384257428,0.21703610983478297
85.58739983823637,0.3091099569763487,0.00614347985275083
85.60582926252233,0.018429424285966913,0.12265764976745643
85.66929720808594,0.06346794556360467,0.024199582395848077
86.03630946665632,0.3670122585703767,0.17998876708878359
86.04624510268,0.009935636023689041,0.13544100609567938
86.11991221943559,0.0736671167555886,0.06277594642837886
86.21917682492598,0.09926460549039123,0.020477212575672525
86.22084216444253,0.00166533951655277,0.05035191515993487
86.2238666073493,0.003024442906760851,0.04006693230625855
86.43434272324951,0.21047611590021406,0.02855722848688525
86.83451838050883,0.4001756572593146,0.012479144209692226
86.86086770547674,0.026349324967905915,0.140198693288534
86.93963713551977,0.07876943004304068,0.175525798333225
86.96641046637409,0.026773330854315627,0.09239432489403328
87.07223302981724,0.10582256344315087,0.06660404343072483
87.14896868420551,0.0767356543882775,0.1273678472671056
87.27946538315996,0.13049669895444013,0.04310458757453846
87.35622351907674,0.07675813591677087,0.33078698825218644
87.35965945860399,0.0034359395272566032,0.12191755752148489
87.44792632945659,0.08826687085260058,0.014731532858218606
87.60745439058259,0.15952806112600318,0.026997293125167025
87.61311510276876,0.0056607121861678555,0.09768945481757316
87.7221402178397,0.10902511507093723,0.08336707761765644
87.79237948902937,0.07023927118967974,0.2511953400770764
87.9072094834367,0.11482999440733657,0.1616505330097081
87.95439740191867,0.04718791848196604,0.03051089741410507
88.19389339841014,0.23949599649147005,0.005711890629905958
88.21489376292489,0.021000364514753598,0.06903282370062945
88.79103548420588,0.5761417212809878,0.11777744377644403
88.9032457202126,0.11221023600671902,0.1728711495562691
88.97544019050059,0.07219447028799406,0.04940223295781335
89.40770095007531,0.4322607595747229,0.22981817874034485
89.60664728335573,0.1989463332804218,0.13953464823031714
89.64390898424593,0.037261700890197855,0.014826610473636214
89.77545966429872,0.13155068005279721,0.15280940549642602
89.87429853171946,0.09883886742073368,0.006955100579884398
90.54418414096766,0.669885609248199,0.06565234313332494
90.61411239460388,0.06992825363622254,0.022938988727109536
90.8452196581564,0.23110726355251307,0.00318173977777664
91.30523290187426,0.46001324371787194,0.06678746818306029
91.35281365781827,0.047580755944011316,0.012330489024669754
91.45736555933459,0.10455190151631132,0.042784916386038485
91.51401130627397,0.0566457469393846,0.11520296341422687
91.60427456138247,0.09026325510849624,0.03438042879310415
91.92047886878863,0.3162043074061663,0.0885160759076416
92.17527399701878,0.2547951282301425,0.03325192780146751
92.19557025139733,0.020296254378549667,0.028176761926697144
92.37293177239096,0.17736152099362948,0.0421001528715605
92.4435968508464,0.07066507845544996,0.062480079695459934
92.57768954218221,0.1340926913358149,0.18826566386505028
92.6724420423716,0.0947525001893931,0.02978455655602777
92.69149666207186,0.019054619700252264,0.01969321830278562
92.83549527957265,0.14399861750079454,0.039948104548998366
92.92380223496203,0.08830695538937149,0.009859718466875932
93.0097235709703,0.08592133600826937,0.060250108050534906
93.11898417674091,0.10926060577060982,0.18148786247198004
93.36694225541294,0.24795807867203165,0.026296174069515864
93.44510616130587,0.07816390589294181,0.05780046119326722
93.47116555696947,0.026059395663594925,0.3180756430811034
93.77690332112851,0.3057377641590423,0.0313507331596786
94.05940091922022,0.28249759809170877,0.08353731005549249
94.35053588058143,0.2911349613612088,0.015648595534362625
94.43255997165333,0.08202409107189709,0.017683337574302436
94.47078355347747,0.038223581824140714,0.024942634558568422
94.5263917757972,0.055608222319719264,0.1092162784089783
94.5480318643469,0.021640088549702702,0.09385255466748112
94.5535381069495,0.005506242602603057,0.042045275157559334
94.76538779771784,0.21184969076833818,0.058008558341926066
94.84465072112256,0.07926292340472094,0.15309465855417437
94.97797441477783,0.13332369365526764,0.11535297778708445
94.99991131528996,0.02193690051212703,0.014869753031364452
95.00833793975927,0.008426624469305909,0.020723359376658246
95.06076503865872,0.052427098899446994,0.0705822205837505
95.07170608296244,0.010941044303724922,0.07871850368112993
95.39586489533403,0.32415881237159283,0.027000642364699498
95.65237391417773,0.2565090188437028,0.14604914658529755
95.65967060288612,0.0072966887083961395,0.0036290882685135594
95.81444224019252,0.1547716373064006,0.12948476583238544
96.3935492588726,0.5791070186800701,0.07487671816675412
96.46812092937165,0.0745716704990514,0.07113081701015994
96.74151660581721,0.27339567644556123,0.012387287159965638
96.85883152480051,0.11731491898330279,0.023438885460108
96.96490352972927,0.10607200492875778,0.2622325335982003
97.00232016251087,0.037416632781600685,0.32546949547181053
97.11872295603949,0.1164027935286144,0.308890437443482
97.26720023790527,0.1484772818657865,0.020675636820715517
97.32315173007026,0.05595149216499603,0.09058139691534896
97.55557838356567,0.23242665349541028,0.007453897559668154
97.63940249582129,0.08382411225561183,0.06745383774740801
97.64103015190959,0.0016276560882962621,0.12688357890821544
97.8041028042671,0.16307265235751334,0.0365615152092119
97.89606096426759,0.0919581600004929,0.06504714394790273
97.93802760152913,0.04196663726153238,0.16080100533090314
98.04541509523763,0.10738749370849938,0.04860742445915009
98.19415029542107,0.14873520018344108,0.46234553148087315
98.33845115557143,0.14430086015037238,0.1689048781009546
98.37977839214675,0.041327236575309,0.020926839931073443
98.45862263465499,0.07884424250824121,0.0012749510342240297
98.4783414585585,0.01971882390352313,0.06335726051439872
98.75264632602044,0.27430486746193794,0.12010885318217704
98.75707584260549,0.004429516585044474,0.15967781663989722
98.85767547290419,0.10059963029869776,0.054423979335739565
98.91123124260938,0.053555769705181125,0.07768849662332115
99.14426757301311,0.2330363304037414,0.032928813311840346
99.15178786654128,0.007520293528174512,0.023005568900295766
99.156320838444,0.004532971902712788,0.03323220157441514
99.28009520806891,0.12377436962491187,0.3974214536267296
99.29442508717439,0.014329879105481207,0.11588337516278516
99.57100704235711,0.2765819551827177,0.010104519212619933
100.0077002162348,0.4366931738776846,0.14767835453305111
100.09965112773894,0.09195091150413776,0.01293772889313274
100.31094521248197,0.21129408474303615,0.06487802976319489
100.38911361470683,0.07816840222485912,0.02090724159509777
100.46747410740998,0.07836049270315405,0.005441876351131116
100.4898121212119,0.022338013801908176,0.06160979086075303
100.68188712866235,0.19207500745046016,0.125731699241364
101.08282171639608,0.40093458773373275,0.11842592531120694
101.14709103669993,0.0642693203038477,0.1535348270219019
101.15975424935888,0.012663212658943976,0.02228936712860745
101.19590496148147,0.03615071212259312,0.061036015222784686
101.24441226301563,0.04850730153416258,0.03516908921522177
101.26933600387326,0.024923740857634085,0.015505509959535946
101.35682663148039,0.08749062760712104,0.074231376764467
101.3884555599715,0.031628928491114594,0.01732838501475767
101.4285196941331,0.04006413416159671,0.005569620225654159
101.45098289777874,0.022463203645641274,0.0058214974676378895
101.49398787040981,0.04300497263106449,0.14296740046777387
101.51992366779945,0.025935797389637593,0.0365187711588682
101.57815539558875,0.05823172778931051,0.1873551337077397
101.7443727227517,0.1662173271629582,0.019373655032377604
101.7503694388378,0.005996716086083289,0.019445994533778325
101.80164774597382,0.05127830713603255,0.07107863655457836
101.94801656106449,0.14636881509067087,0.04287817252749144
101.9828572935129,0.03484073244840117,0.0631721635667989
102.02230862811159,0.039451334598690685,0.09537758790777058
102.02513844374457,0.002829815632979608,0.0912417092703488
102.20234000564933,0.17720156190476807,0.07341088224085607
102.32142845399841,0.11908844834906966,0.03729379411496607
102.42336565468719,0.10193720068878628,0.06229083681208285
102.46295451845788,0.03958886377068492,0.11374558042019242
102.60184646683688,0.13889194837899616,0.04842538709381139
102.79232286289918,0.19047639606230451,0.08086148008665106
102.91504826364832,0.12272540074912625,0.07320590556704337
102.92435502486629,0.00930676121797481,0.19249667486349026
102.95074125788676,0.02638623302048017,0.026452040499048597
102.9719111965592,0.021169938672450306,0.06130846994375007
103.01257082931696,0.040659632757750266,0.03559170742845202
103.11836487477031,0.10579404545334975,0.003374506310957782
103.25740376999192,0.13903889522161714,0.21768397406107654
103.40282466710107,0.1454208971091427,0.06250316839096082
103.40786004115651,0.005035374055442657,0.13769610070958083
103.53434809927273,0.1264880581162258,0.12855899483676167
103.57107160536333,0.0367235060906002,0.0302954251681748
103.67555844159138,0.1044868362280517,0.1932457135235749
103.71416503555889,0.03860659396751171,0.0636210972069827
103.81066064899333,0.09649561343444558,0.18478470219773993
103.91497181110175,0.10431116210841455,0.16464127514140758
103.91838388708143,0.0034120759796822373,0.014701522563956682
104.06890250138532,0.1505186143038917,0.027984646044708645
104.4285353872281,0.3596328858427775,0.075268638980624
104.43131708818804,0.002781700959947879,0.007149677615832002
104.65649019578944,0.22517310760140694,0.014820092059808825
104.92711099665482,0.2706208008653725,0.09579837704286184
104.98691587312304,0.05980487646822467,0.14864239042782412
105.2366298293781,0.24971395625505785,0.06534748943365717
105.34421383934459,0.10758400996648639,0.06579437960523776
105.39620684002018,0.05199300067559192,0.09526820678550753
105.40914583459494,0.012938994574752434,0.14902336657294485
105.81102946577677,0.4018836311818293,0.06675689741041796
106.0383203173569,0.22729085158013612,0.16512597731660075
106.12560672807498,0.08728641071808373,0.10655301116697076
106.18666714859073,0.0610604205157498,0.11838020148750844
106.24817525099759,0.061508102406867125,0.03754408394711098
106.31415544402022,0.06598019302262512,0.06115730190314118
106.40913844518958,0.09498300116937292,0.07387103960626179
106.61289362585886,0.20375518066927242,0.31948439710076426
107.0924057627102,0.47951213685134586,0.09204224869848598
107.40958380644896,0.3171780437387616,0.04392764962868352
107.4115501674746,0.001966361025633908,0.3003691572377265
107.51052726916942,0.09897710169480825,0.2376144457245273
107.51274022102399,0.002212951854570012,0.09338438204558337
107.52727755272488,0.014537331700887592,0.04757995459741233
107.56391526256242,0.03663770983753307,0.03056201184688407
107.70553887187269,0.14162360931027007,0.002534101394493677
107.71210419688464,0.006565325011943425,0.06669880975608494
107.73184134981311,0.019737152928464282,0.004659145194273523
107.79916089760565,0.06731954779253245,0.13338117059919075
108.27554775442829,0.47638685682264187,0.0808762610592041
108.50056886931314,0.225021114884855,0.04065903742871055
108.63942466298963,0.13885579367648462,0.1433572883121782
108.78924552246865,0.149820859479023,0.02860909659119145
108.80283998354496,0.013594461076314691,0.1356970982257663
108.85215534185247,0.049315358307509966,0.02623265346194635
108.9016343043376,0.049478962485132956,0.007837835775801577
109.02950822904464,0.1278739247070359,0.00692331445774674
109.05066933175901,0.021161102714371185,0.10129582288930512
109.05351422875998,0.0028448970009645647,0.13967715082765997
109.30624187122045,0.2527276424604652,0.1526848027585897
109.35345667219319,0.04721480097274184,0.01831702623229195
109.44117501954022,0.08771834734703908,0.20392648096081728
109.53680605791018,0.09563103836996381,0.2426551779991322
109.54685136445262,0.010045306542431897,0.034286307125497226
109.55821331917389,0.011361954721261943,0.0207245453503284
109.67437296788255,0.11615964870865474,0.036451401803321265
109.75085338119102,0.07648041330847313,0.04656878317148913
109.82186482950878,0.07101144831775526,0.044994921743238415
110.09880841374941,0.27694358424062215,0.027187565718117625
110.13308721916293,0.034278805413522434,0.042604852762161236
110.16310840497897,0.03002118581603637,0.3209283090459958
110.18234940909805,0.01924100411908156,0.05220395635864171
110.19497033248842,0.012620923390372064,0.023274507348555257
110.49274770595693,0.29777737346850197,0.03798926445466718
110.65080177374998,0.15805406779304187,0.011377213014904412
110.71087934414415,0.06007757039417001,0.18402197782723578
110.9519723846033,0.24109304045915106,0.09401221235958898
111.04303740043382,0.09106501583051842,0.11426767553830271
111.20544417931121,0.16240677887740188,0.037190551341656386
111.51708060798605,0.3116364286748272,0.128894236601561
111.69086317902322,0.1737825710371845,0.05340675353251532
111.73366115744848,0.042797978425253104,0.05080996405018624
111.74196737524515,0.008306217796676148,0.012423483169831504
111.75788770179616,0.015920326551015027,0.09141109432560798
111.95882670826006,0.2009390064638935,0.1290451900148618
111.98982114538154,0.030994437121472592,0.01669166813800979
112.07833908089948,0.08851793551794598,0.17394475298733858
112.26007360546937,0.18173452456988995,0.15616428800410198
112.36881782246802,0.10874421699864302,0.11979560721966248
112.48104830279081,0.11223048032279528,0.01729826241381894
112.49740268758167,0.016354384790858496,0.08461745680770255
112.77629551425379,0.2788928266721191,0.08510167166138907
113.01092518171338,0.2346296674595932,0.1425963180376893
113.06975775432646,0.05883257261308219,0.05977338116985396
113.08634613085526,0.01658837652880507,0.012192295439765136
113.22405041217989,0.13770428132463672,0.041475604670694194
113.22783265297475,0.003782240794868242,0.08083102661050254
113.37760903138721,0.14977637841246094,0.13469097986489925
113.38353776280992,0.005928731422709067,0.06992831243257142
113.9007419333823,0.517204170572383,0.046814437411098954
114.00595688967111,0.10521495628880236,0.020214137420892623
114.31727246096857,0.3113155712974612,0.04368349623887979
114.59614829498035,0.27887583401178273,0.1433153101760986
114.62242738746636,0.026279092486011922,0.011837763850300113
114.9514325047569,0.32900511729053705,0.05812650050244035
115.12336509651982,0.17193259176292364,0.08795140599677725
115.43786028130698,0.31449518478715865,0.03477950486557116
115.70703822652946,0.2691779452224865,0.001273271050624136
115.76745274446381,0.06041451793434561,0.08410988390007287
115.85832972465568,0.09087698019186924,0.03682828630717462
115.91763222324293,0.059302498587262865,0.34168198631995367
116.01955255065391,0.10192032741098425,0.021165708027697922
116.02321299584091,0.003660445186992481,0.018237153774769303
116.0408550899856,0.01764209414469152,0.03309695011840234
116.04605977295097,0.005204682965376354,0.027157464409614994
116.09049796623555,0.044438193284575496,0.3365619265689278
116.20320335987388,0.1127053936383427,0.1823328232981305
116.2047120064676,0.001508646593720773,0.04340422492222082
116.27798591468377,0.07327390821616114,0.08533793845571909
116.39070355652626,0.11271764184250062,0.003278486411075105
116.43913732193926,0.048433765412988695,0.1600320351579707
116.53794199386547,0.09880467192621853,0.01826516285506353
117.00289174643294,0.464949752567459,0.001594305274511744
117.08103654600414,0.0781447995712019,0.015508120444319548
117.08654165139099,0.005505105386845247,0.1381468825286707
117.33033598772293,0.24379433633194983,0.08431739750629014
117.41880830300595,0.08847231528301709,0.17100916530850696
117.45719678121434,0.038388478208391794,0.004237172032889463
117.57507470863493,0.11787792742059214,0.009096347220318653
117.74489397758872,0.1698192689537815,0.02231692797014529
117.90451646112729,0.15962248353856848,0.15459632904517107
118.54898789814577,0.6444714370184804,0.0554101149430236
118.72215366899438,0.17316577084861906,0.11437246923167588
118.88801546008692,0.1658617910925446,0.10914626852621541
118.95809230453618,0.0700768444492574,0.04261969487008619
119.23900700844462,0.2809147039084402,0.19858959565509962
119.2534676116318,0.014460603187188349,0.1572922101750605
119.32221122717583,0.06874361554402447,0.25305511973146866
119.38407499982466,0.061863772648835184,0.09014700864467459
119.60668103478771,0.2226060349630459,0.05746142615201936
119.61600259618736,0.009321561399648242,0.02218641569287178
119.65635623166004,0.040353635472682725,0.06713781264413349
119.91613303977307,0.25977680811302634,0.19449962433288676
119.9412701170307,0.025137077257622792,0.05636299865018443
120.23047848335571,0.28920836632502006,0.05875922971343889
120.478961482958,0.24848299960228257,0.13734902850540098
120.56830067925226,0.08933919629426075,0.013821586963527997
120.7839498582084,0.21564917895613958,0.0009724482085108687
121.162834553174,0.37888469496559785,0.04443685270989665
121.19325970908227,0.030425155908271825,0.06681822420457736
121.26355326773076,0.0702935586484916,0.1642694281033968
121.60931664016532,0.3457633724345671,0.10218419418698568
121.61036023983931,0.0010435996739878814,0.2998612071901808
121.62385807288884,0.013497833049527374,0.009291048899472187
121.6612830674632,0.03742499457435997,0.029401962535777565
121.698022694305,0.03673962684179453,0.34116657351758994
121.78080637552937,0.082783681224364,0.033021268268180304
121.79479322858755,0.013986853058178341,0.18819621421700455
121.8081742126235,0.013380984035949835,0.12662048887507715
121.95059999838568,0.14242578576218173,0.020226393313293452
122.05406997866622,0.10346998028053309,0.21520328487995843
122.0853570967549,0.03128711808868628,0.2343658855765182
122.25113522654313,0.1657781297882198,0.006467438638656467
122.25360908049224,0.0024738539491106193,0.008667455079479438
122.3561260696915,0.10251698919925889,0.31454966017775793
122.46713587877193,0.11100980908043533,0.2352227943236046
122.50132691148765,0.03419103271572036,0.006571926703857077
122.68332674830498,0.1819998368173213,0.0365953239877982
122.83796384865018,0.15463710034519237,0.03416695104070046
122.8654553590273,0.02749151037711507,0.15099428596822673
122.89962294896162,0.03416758993433134,0.0420640200595008
122.91518475243184,0.015561803470226787,0.30366518400922243
123.30483347118114,0.38964871874930085,0.0064449099913999105
123.48846781932295,0.1836343481418124,0.032165028384496024
123.56465497861569,0.07618715929273989,0.017452855851426075
123.63012719884124,0.06547222022554407,0.07579393816648475
123.65270333534133,0.02257613650009346,0.07182610691524918
123.7199219636402,0.06721862829887458,0.03692559325511778
124.04898728467138,0.3290653210311779,0.04384161437215862
124.34356761461498,0.294580329943597,0.007240455545363381
124.38511346690039,0.04154585228540889,0.1260103171940656
124.68937357346314,0.30426010656274893,0.029625313889503364
124.69165861450863,0.002285041045481779,0.057842783360504677
124.77856074639323,0.08690213188460433,0.031982603851062275
124.86686833909718,0.08830759270395423,0.10210782449876335
124.87827415377346,0.011405814676274518,0.013063277859994855
125.09305024642947,0.21477609265600872,0.06027820775662561
125.09381544820408,0.0007652017746086335,0.003066481251964028
125.11197723916034,0.01816179095625843,0.1082852726484605
125.26371044325919,0.15173320409885102,0.017732450853410818
125.30431661756363,0.04060617430444872,0.02745336793887822
125.3505210784566,0.046204460892965406,0.006846260614193465
125.65705839372812,0.3065373152715206,0.10927129478122827
125.68712729884483,0.03006890511670742,0.15831599070250585
125.77036118060256,0.08323388175774178,0.02942337764787462
125.92511410275222,0.15475292214964811,0.021939056244816804
126.2003466015993,0.2752324988470908,0.1467600510453147
126.24795893402552,0.04761233242621124,0.3644228771329119
126.31038532164456,0.06242638761904735,0.0955198962874591
